Supplier,Website,Email,Framework,Borough,Councils Named,Council Access Basis,Companies House No,Notice ID,Awarded Date,Contact Status,Notes,Check
Apolonia Property Services Ltd.,https://www.exodushousing.co.uk/,info@exodushousing.co.uk,Provision of Temporary Accommodation for people with No Recourse to Public Funds (NRPF),Barking and Dagenham,Barking and Dagenham,commissioning council only,,d936443c-bad8-4792-b949-8249186fb2a2,2023-06-03,web research (high),"Contracts Finder harvest: Rules 1-3: NRPF temporary accommodation, 5 suppliers; Trades as Exodus Housing: lettings/housing solutions and rented accommodation (CH 08752373, Ilford). The site names Apolonia.",
Elliot Leigh Property Management Ltd,https://www.elliotleigh.com/,info@elliotleigh.com,Provision of Temporary Accommodation for people with No Recourse to Public Funds (NRPF),Barking and Dagenham,Barking and Dagenham,commissioning council only,,d936443c-bad8-4792-b949-8249186fb2a2,2023-06-03,web research (high),"Contracts Finder harvest: Rules 1-3: NRPF temporary accommodation, 5 suppliers; Guaranteed-rent/temporary accommodation provider to local authorities, plus supported living for care leavers (Elliot Leigh TLC). CH 10984965, Ilford.",
Letting International Limited,https://lintgroup.com/,ilford@lintgroup.com,Provision of Temporary Accommodation for people with No Recourse to Public Funds (NRPF),Barking and Dagenham,Barking and Dagenham,commissioning council only,,d936443c-bad8-4792-b949-8249186fb2a2,2023-06-03,web research (medium),"Contracts Finder harvest: Rules 1-3: NRPF temporary accommodation, 5 suppliers; East London letting agent providing temporary housing to local authorities (CH 03425414, Ilford). Now trades as Lint Group; lettinginternational.com redirects there. The Ilford branch email is used because Ilford is the head office.",
VirCap Estates,https://vircapestates.co.uk/,enquiries@vircapestates.co.uk,Provision of Temporary Accommodation for people with No Recourse to Public Funds (NRPF),Barking and Dagenham,Barking and Dagenham,commissioning council only,,d936443c-bad8-4792-b949-8249186fb2a2,2023-06-03,web research (medium),"Contracts Finder harvest: Rules 1-3: NRPF temporary accommodation, 5 suppliers; Ilford estate/letting agent (Cranbrook Road) doing sales, lettings and portfolio management. Trading name; no matching Companies House entity found.",
Accedo Care,http://www.accedogroup.org.uk/,hello@accedogroup.org.uk,Accommodation and Support for Adults,Barnet,Barnet,Commissioning council only - no participating authorities named in the notice,,MT197433,31/03/2017,verified (existing data),,
Autism Sussex,https://www.aspens.org.uk/,enquiries@aspens.org.uk,Accommodation and Support for Adults,Barnet,Barnet,Commissioning council only - no participating authorities named in the notice,,MT197433,31/03/2017,web research (medium),"autismsussex.org.uk now redirects to Aspens Charities; previous data pointed at Amaze Sussex, a different organisation",
Barnet Mencap,http://www.barnetmencap.org.uk/,projectsupport@barnetmencap.org.uk,Accommodation and Support for Adults,Barnet,Barnet,Commissioning council only - no participating authorities named in the notice,,MT197433,31/03/2017,verified (existing data),,
Brunswick Supported Living,https://bsls.uk.com/,contact@bsls.uk.com,Accommodation and Support for Adults,Barnet,Barnet,Commissioning council only - no participating authorities named in the notice,,MT197433,31/03/2017,web research (high),"Existing values correct: bsls = Brunswick Supported Living Services, Highstone House, 165 High Street, Barnet EN5.","homecare and housing both on homepage (homecare 3, housing 18)"
CareTech Community Services Limited,https://www.caretech-uk.com,info@caretech-uk.com,Accommodation and Support for Adults,Barnet,Barnet,Commissioning council only - no participating authorities named in the notice,,MT197433,31/03/2017,verified (existing data),,
Consensus Support Services Ltd,https://consensussupport.com/,enquiries@consensussupport.com,Accommodation and Support for Adults,Barnet,Barnet,Commissioning council only - no participating authorities named in the notice,,MT197433,31/03/2017,web research (high),Existing email correct; website changed from a Google My Business location URL to the homepage. Contact page also lists referrals@consensussupport.com.,
Creative Support Ltd,https://www.creativesupport.co.uk,enquiries@creativesupport.co.uk,Accommodation and Support for Adults,Barnet,Barnet,Commissioning council only - no participating authorities named in the notice,,MT197433,31/03/2017,verified (existing data),,
Dimensions (UK) Ltd,https://dimensions-uk.org/,enquiries@dimensions-uk.org,Accommodation and Support for Adults,Barnet,Barnet,Commissioning council only - no participating authorities named in the notice,,MT197433,31/03/2017,verified (existing data),,
Fortis Care,http://www.fortiscare.co.uk/,contact@fortiscare.co.uk,Accommodation and Support for Adults,Barnet,Barnet,Commissioning council only - no participating authorities named in the notice,,MT197433,31/03/2017,verified (existing data),,
Genesis Housing Association,http://www.nhg.org.uk/,info@nhg.org.uk,Accommodation and Support for Adults,Barnet,Barnet,Commissioning council only - no participating authorities named in the notice,,MT197433,31/03/2017,web research (high),Existing values kept: Genesis Housing Association merged with Notting Hill Housing in 2018 to form Notting Hill Genesis (NHG). info@nhg.org.uk is on the NHG contact page.,
Glenholme Healthcare Group,https://www.glenholme.org.uk/holdingham-grange/,holdingham@glenholme.org.uk,Accommodation and Support for Adults,Barnet,Barnet,Commissioning council only - no participating authorities named in the notice,,MT197433,31/03/2017,verified (existing data),,
Grange (Whitefield) Care Services,http://grangewhitefieldcare.com/,admin@grangewhitefieldcare.com,Accommodation and Support for Adults,Barnet,Barnet,Commissioning council only - no participating authorities named in the notice,,MT197433,31/03/2017,verified (existing data),,"homecare and housing both on homepage (homecare 6, housing 8)"
HFT,https://www.hft.org.uk,hello@hft.org.uk,Accommodation and Support for Adults,Barnet,Barnet,Commissioning council only - no participating authorities named in the notice,,MT197433,31/03/2017,verified (existing data),,
KeyRing Living Support Networks,https://www.keyring.org,keyring@keyring.org,Accommodation and Support for Adults,Barnet,Barnet,Commissioning council only - no participating authorities named in the notice,,MT197433,31/03/2017,verified (existing data),,
Kisharon,https://www.kisharonschool.org.uk/,office@kisharonschool.org.uk,Accommodation and Support for Adults,Barnet,Barnet,Commissioning council only - no participating authorities named in the notice,,MT197433,31/03/2017,verified (existing data),,
Langdon Community,https://kisharonlangdon.org.uk/,info@kisharonlangdon.org.uk,Accommodation and Support for Adults,Barnet,Barnet,Commissioning council only - no participating authorities named in the notice,,MT197433,31/03/2017,web research (high),Langdon merged with Kisharon to form Kisharon Langdon; langdonuk.org 301-redirects to kisharonlangdon.org.uk. The existing email is correct and appears on the contact page.,
Lifeways Community Care Limited,https://www.lifeways.co.uk,LWSreferrals@Lifeways.co.uk,Accommodation and Support for Adults,Barnet,Barnet,Commissioning council only - no participating authorities named in the notice,,MT197433,31/03/2017,verified (existing data),,
MidCo Care Limited,http://www.midco-care.co.uk/,info@midco-care.co.uk,Accommodation and Support for Adults,Barnet,Barnet,Commissioning council only - no participating authorities named in the notice,,MT197433,31/03/2017,verified (existing data),,"homecare and housing both on homepage (homecare 12, housing 18)"
Norwood,https://norwood.org.uk/,info@norwood.org.uk,Accommodation and Support for Adults,Barnet,Barnet,Commissioning council only - no participating authorities named in the notice,,MT197433,31/03/2017,verified (existing data),,
One Housing Group,https://www.riverside.org.uk/,info@riverside.org.uk,Accommodation and Support for Adults,Barnet,Barnet,Commissioning council only - no participating authorities named in the notice,,MT197433,31/03/2017,web research (medium),One Housing merged into Riverside; same details as other One Housing rows,
Onecare UK,http://www.onecare-uk.com/,info@onecare-uk.com,Accommodation and Support for Adults,Barnet,Barnet,Commissioning council only - no participating authorities named in the notice,,MT197433,31/03/2017,verified (existing data),,Homecare provider that also offers supported living/accommodation
Origin Housing Ltd,https://placesforpeople.co.uk/origin,No email or contact form found on website,Accommodation and Support for Adults,Barnet,Barnet,Commissioning council only - no participating authorities named in the notice,,MT197433,31/03/2017,web research (medium),"Origin Housing transferred its engagements to Places for People Living+ on 1 Apr 2026; originhousing.org.uk 301-redirects to the Places for People Origin page. The existing email (customerservice@rmguk.com) is only for residents managed by the agent RMG, not a general contact, so it was removed.",
Richmond Fellowship,https://www.richmondfellowship.org.uk,enquiries@richmondfellowship.org.uk,Accommodation and Support for Adults,Barnet,Barnet,Commissioning council only - no participating authorities named in the notice,,MT197433,31/03/2017,verified (existing data),,
Royal National Mencap Society,http://www.mencap.org.uk/,information@mencap.org.uk,Accommodation and Support for Adults,Barnet,Barnet,Commissioning council only - no participating authorities named in the notice,,MT197433,31/03/2017,verified (existing data),,
Sanctuary Supported Living,https://www.sanctuary-supported-living.co.uk/,Contact form: https://www.sanctuary-supported-living.co.uk/contact-us,Accommodation and Support for Adults,Barnet,Barnet,Commissioning council only - no participating authorities named in the notice,,MT197433,31/03/2017,web research (high),"Website correct (Sanctuary Supported Living is a trading name within Sanctuary Group). The only email on the contact page is pr@sanctuary.co.uk (media enquiries), so it was removed; general contact is by web form.",
The Barnet Group,https://thebarnetgroup.org/,info@thebarnetgroup.org,Accommodation and Support for Adults,Barnet,Barnet,Commissioning council only - no participating authorities named in the notice,,MT197433,31/03/2017,verified (existing data),,
Voyage Care,https://www.voyagecare.com,referrals@voyagecare.com,Accommodation and Support for Adults,Barnet,Barnet,Commissioning council only - no participating authorities named in the notice,,MT197433,31/03/2017,verified (existing data),,
Walsingham Support,https://www.walsingham.com/,enquiries@walsingham.com,Accommodation and Support for Adults,Barnet,Barnet,Commissioning council only - no participating authorities named in the notice,,MT197433,31/03/2017,verified (existing data),,
Bexletts Ltd,https://www.ashtonreeves.co.uk/,info@ashtonreeves.co.uk,Management & Provision of Emergency Temporary Accommodation,Bexley,Bexley,commissioning council only,,9db83d47-6e3d-4a9e-8bda-e3f20206b57b,2018-11-19,web research (low),"Contracts Finder harvest: Rules 1-3: emergency temporary accommodation provision & management, multi-supplier; Estate/letting agent; bexletts.co.uk now redirects to Ashton Reeves (Bexley). Bexletts Ltd (CH 06719810, E11, real estate agency) active but Bexley/Sidcup subsidiaries dissolved Jun 2026; link between Bexletts Ltd and Ashton Reeves not confirmed - verify.",
cromwood,https://cromwood.co.uk/,info@cromwood.co.uk,Management & Provision of Emergency Temporary Accommodation,Bexley,Bexley,commissioning council only,,9db83d47-6e3d-4a9e-8bda-e3f20206b57b,2018-11-19,web research (high),"Contracts Finder harvest: Rules 1-3: emergency temporary accommodation provision & management, multi-supplier; Lettings/temporary accommodation provider to London councils (Cromwood Ltd) plus a registered provider arm (Cromwood Housing Ltd), E5. Contact page also lists lettings@ and property@.",
First Stop Housing / My Life Semi Independent Project,https://www.mylife.uk.net/,admin@mylife.uk.net,Management & Provision of Emergency Temporary Accommodation,Bexley,Bexley,commissioning council only,,9db83d47-6e3d-4a9e-8bda-e3f20206b57b,2018-11-19,web research (high),"Contracts Finder harvest: Rules 1-3: emergency temporary accommodation provision & management, multi-supplier; 16-25 semi-independent accommodation for care leavers (My Life Semi-Independent Project Ltd CH 08255352); First Stop Housing Solutions Ltd (CH 07047482) shares the same registered office, so same group.",
House To Home Lettings,https://www.h2hlettings.com/,info@h2hlettings.com,Management & Provision of Emergency Temporary Accommodation,Bexley,Bexley,commissioning council only,,9db83d47-6e3d-4a9e-8bda-e3f20206b57b,2018-11-19,web research (high),"Contracts Finder harvest: Rules 1-3: emergency temporary accommodation provision & management, multi-supplier; Lettings/guaranteed-rent temporary accommodation provider working with Bexley, Basildon, Thurrock councils (CH 07418043, Erith).",
Depaul UK,https://www.depaul.org.uk/,depaul@depaulcharity.org.uk,Housing Related Support Services (HRS): Multi Lot( ASC-2021-003),Brent,Brent,Commissioning council only - no participating authorities named in the notice,,LBBRENT001-DN521382-25579189,11/12/2021,web research (high),Email published on depaul.org.uk/contact-us,
Elders Voice,https://www.eldersvoice.org.uk/,info@eldersvoice.org.uk,Housing Related Support Services (HRS): Multi Lot( ASC-2021-003),Brent,Brent,Commissioning council only - no participating authorities named in the notice,,LBBRENT001-DN521382-25579189,11/12/2021,web research (high),"Brent charity for older people (charity 1091519), 181 Mortimer Road NW10.",
Hestia Housing and Support,https://www.hestia.org,info@hestia.org,Housing Related Support Services (HRS): Multi Lot( ASC-2021-003),Brent,Brent,Commissioning council only - no participating authorities named in the notice,,LBBRENT001-DN521382-25579189,11/12/2021,verified (existing data),,
Look Ahead Housing and Care,https://www.lookahead.org.uk,getintouch@lookahead.org.uk,Housing Related Support Services (HRS): Multi Lot( ASC-2021-003),Brent,Brent,Commissioning council only - no participating authorities named in the notice,,LBBRENT001-DN521382-25579189,11/12/2021,verified (existing data),,
Hestia Housing and Support,https://www.hestia.org,info@hestia.org,"ACCOMMODATION, SUPPORT AND TENANCY SUSTAINMENT SERVICES",Bromley,Bromley,Commissioning council only - no participating authorities named in the notice,,LBROM001-DN604336-81633164,20/10/2022,verified (existing data),Single-award contract kept: accommodation for 9 ex-offenders plus 100 tenancies,
Certitude (Southside Partnership),https://certitude.org.uk/,referrals@certitude.org.uk,Adult Social Care Services - Learning Disability Services,Bromley,Bromley,Commissioning council only - no participating authorities named in the notice,,ECHS Adult Social Care,31/07/2015,web research (high),"Single-award contract kept: learning disability services incl. supported living across the borough; Certitude's current domain is certitude.org.uk (certitude.london is the older domain). The existing matt@honcho.agency is the web agency's credit, not Certitude. referrals@certitude.org.uk is on the 'how to get support' page.; Supported living contract over £10m - includes housing",
Diagrama Healthcare Services Ltd,https://diagramafoundation.org.uk/,supportedliving@diagrama.org.uk,Provision of Supported Living Services,Bromley,Bromley,Commissioning council only - no participating authorities named in the notice,,LBROM001-DN503647-13289517,10/02/2021,web research (high),"Single-award contract kept: supported living across 9 properties; Diagrama Healthcare Services Limited (09262083) shares Airport House, Croydon registered office with Diagrama Foundation entities. Bromley page lists supportedliving@diagrama.org.uk (Bromley supported living since 2021); general info@diagrama.org.uk also on site.; Supported living contract over £10m - includes housing",
Bromley & Croydon Women's Aid,https://bcwa.org.uk/,info@bcwa.org.uk,SUPPORT & TENANCY SUSTAINMENT SERVICES FOR WOMEN IN REFUGES,Bromley,Bromley,Commissioning council only - no participating authorities named in the notice,,LBROM001-DN562196-65947517,22/12/2021,web research (high),Single-award contract kept: refuge accommodation; Charity 1068007; Companies House 03320296. General enquiries email per contact page; tel 0208 313 9303.,
Depaul UK,https://www.depaul.org.uk/,depaul@depaulcharity.org.uk,SUPPORTED ACCOMMODATION AND TENANCY SUSTAINMENT SERVICES FOR YOUNG PEOPLE,Bromley,Bromley,Commissioning council only - no participating authorities named in the notice,,LBROM001-DN599064-40642578,05/05/2022,web research (high),Single-award contract kept: supported accommodation for young people across the borough; Email published on depaul.org.uk/contact-us,
Avenues Group,https://www.avenuesgroup.org.uk/,info@avenuesgroup.org.uk,Supported Living Services in Bromley,Bromley,Bromley,Commissioning council only - no participating authorities named in the notice,,LBROM001-DN529137-55979484,08/11/2021,verified (existing data),Supported living contract over £10m - includes housing,
Brandon Trust,https://www.brandontrust.org/,info@brandontrust.org,Supported Living Services in Bromley,Bromley,Bromley,Commissioning council only - no participating authorities named in the notice,,LBROM001-DN529137-55979484,08/11/2021,verified (existing data),Supported living contract over £10m - includes housing,
Lewisham Nexus Service,https://everystory.org.uk/,enquiries@everystory.org.uk,Supported Living Services in Bromley,Bromley,Bromley,Commissioning council only - no participating authorities named in the notice,,LBROM001-DN529137-55979484,08/11/2021,web research (high),"Existing values correct: Lewisham Nexus merged with Aurora Options in 2021 (Aurora Nexus) and rebranded as EveryStory in Aug 2025 (charity 1035083, company 02786035).; Supported living contract over £10m - includes housing",
The Regard Partnership Ltd,https://www.achievetogether.co.uk/,info@achievetogether.co.uk,Supported Living Services in Bromley,Bromley,Bromley,Commissioning council only - no participating authorities named in the notice,,LBROM001-DN529137-55979484,08/11/2021,web research (medium),The Regard Partnership merged with CMG in 2018 to form Achieve Together; regard.co.uk is defunct ('This site doesn't exist here'). The existing values were a Surrey council directory. referrals@achievetogether.co.uk is also on the contact page.; Supported living contract over £10m - includes housing,"homecare and housing both on homepage (homecare 4, housing 8)"
The Riverside Group Limited,https://www.riverside.org.uk/,Contact form: https://www.riverside.org.uk/contact-and-feedback/contact-us,Tenancy Support Services for Homeless People,Bromley,Bromley,Commissioning council only - no participating authorities named in the notice,30938R,CDB5160,20/10/2021,web research (medium),"Single-award contract kept: local accommodation for homeless households; Riverside runs Bromley Supported Housing (47-49 Plaistow Lane BR1 3HH); referrals come via Bromley council. Contact page offers an email form, live chat and 0345 111 0000. together@riverside.org.uk and info@riverside.org.uk appear in third-party snippets but could not be verified on the Riverside site (fetches blocked or page shows form only), so left blank.",
Bromley Women’s Aid,https://bcwa.org.uk/,info@bcwa.org.uk,Tenancy Sustainment Services for Women in Refuges,Bromley,Bromley,Commissioning council only - no participating authorities named in the notice,,9ZRC –J4RPBW,02/12/2015,web research (high),"Single-award contract kept: 37 refuge units in 6 properties; Renamed Bromley & Croydon Women's Aid in April 2016 (charity 1068007, previous name Bromley Womens Aid). Same organisation as Bromley & Croydon Women's Aid.",
Depaul UK,https://www.depaul.org.uk/,depaul@depaulcharity.org.uk,Tenancy Sustainment Services for Young People in Supported Accommodation,Bromley,Bromley,Commissioning council only - no participating authorities named in the notice,,BIP217717483,29/07/2016,web research (high),Single-award contract kept: 59 units of supported accommodation; Email published on depaul.org.uk/contact-us,
Single Homeless Project,https://www.shp.org.uk/,info@shp.org.uk,Adult Pathway Services - Phase 2,Camden,Camden,Commissioning council only - no participating authorities named in the notice,,20220215163116-28,01/02/2022,verified (existing data),,
Solace Women's Aid,https://www.solacewomensaid.org,info@solacewomensaid.org,Adult Pathway Services - Phase 2,Camden,Camden,Commissioning council only - no participating authorities named in the notice,,20220215163116-28,01/02/2022,verified (existing data),,
St Mungo's,https://www.mungos.org,info@mungos.org,Adult Pathway Services - Phase 2,Camden,Camden,Commissioning council only - no participating authorities named in the notice,,20220215163116-28,01/02/2022,verified (existing data),,
St Mungo's,https://www.mungos.org,info@mungos.org,Housing related support for single adults with medium to high level complex needs living in Birkenhead Street / Endell Street /Endsleigh Gardens properties in Camden,Camden,Camden,Commissioning council only - no participating authorities named in the notice,,20190802080120-28,23/07/2019,verified (existing data),Single-award contract kept: adult pathway accommodation for single homeless people,
Certitude Support,https://certitude.org.uk/,referrals@certitude.org.uk,Learning Disabilities Supported Living,Camden,Camden,Commissioning council only - no participating authorities named in the notice,,20220217140454-28,10/03/2020,web research (high),"Certitude's current domain is certitude.org.uk (certitude.london is the older domain). The existing matt@honcho.agency is the web agency's credit, not Certitude. referrals@certitude.org.uk is on the 'how to get support' page.",
Creative Support Ltd,https://www.creativesupport.co.uk,enquiries@creativesupport.co.uk,Learning Disabilities Supported Living,Camden,Camden,Commissioning council only - no participating authorities named in the notice,,20220217140454-28,10/03/2020,verified (existing data),,
Learning Disability Network London Limited,https://www.ldnlondon.org/find-support/ldn-community-hub/,hello@ldnlondon.org,Learning Disabilities Supported Living,Camden,Camden,Commissioning council only - no participating authorities named in the notice,,20220217140454-28,10/03/2020,verified (existing data),,
One Housing Group,https://www.riverside.org.uk/,info@riverside.org.uk,Mental Health High Suported Living - Central and Maygrove,Camden,Camden,Commissioning council only - no participating authorities named in the notice,,20200923120032-28,24/08/2020,web research (medium),Single-award contract kept: two mental health supported living services (Central and Maygrove); One Housing merged into Riverside; same details as other One Housing rows,
St Mungo Community Housing Association,https://www.mungos.org,info@mungos.org,Mental Health Supported Living Service - South,Camden,Camden,Commissioning council only - no participating authorities named in the notice,,20200920173030-28,10/08/2020,verified (existing data),Single-award contract kept: supported living service across south Camden (pathway),
Centrepoint Soho,https://www.centrepoint.org,info@centrepoint.org,Young People Pathway,Camden,Camden,Commissioning council only - no participating authorities named in the notice,,20181115083047-28,30/10/2018,verified (existing data),,
Depaul UK,https://www.depaul.org.uk/,depaul@depaulcharity.org.uk,Young People Pathway,Camden,Camden,Commissioning council only - no participating authorities named in the notice,,20181115083047-28,30/10/2018,web research (high),Email published on depaul.org.uk/contact-us,
One Housing Group,https://www.riverside.org.uk/,info@riverside.org.uk,Young People Pathway,Camden,Camden,Commissioning council only - no participating authorities named in the notice,,20181115083047-28,30/10/2018,web research (medium),One Housing merged into Riverside; same details as other One Housing rows,
St Christopher's Fellowship,https://www.stchris.org.uk/,referrals@stchris.org.uk,Young People Pathway,Camden,Camden,Commissioning council only - no participating authorities named in the notice,,20181115083047-28,30/10/2018,web research (high),Email seen on stchris.org.uk/get-in-touch,
16 Plus Team Limited trading as The Artemis Team,http://www.theartemisteam.com/,support@theartemisteam.com,16+ Semi Independent Accommodation and Support Services,Croydon,Croydon,Commissioning council only - no participating authorities named in the notice,,556/2016,20/12/2016,verified (existing data),,
Above Beyond Care Ltd,https://www.abovebeyondcare.com/,info@abovebeyondcare.com,16+ Semi Independent Accommodation and Support Services,Croydon,Croydon,Commissioning council only - no participating authorities named in the notice,,556/2016,20/12/2016,web research (medium),"Above Beyond Care (ABC), 16-18 semi-independent accommodation and support, office 28 Shaftesbury Circle, Harrow HA2 0AT; email in site footer. Name and service type match a Croydon children's accommodation award, but no Croydon-specific reference found. Not the Ipswich home care firm Above & Beyond Care Ltd.",
AG Social Care Ltd,https://www.agsocialcare.co.uk/,admin@agsocialcare.co.uk,16+ Semi Independent Accommodation and Support Services,Croydon,Croydon,Commissioning council only - no participating authorities named in the notice,,556/2016,20/12/2016,web research (high),"A.G. Social Care Ltd (CH 05950612), 2-4 Park Street, Croydon CR0 1YE. Existing caremanagementmatters URL was wrong.",
Asphaleia Ltd,https://www.asphaleia.co.uk/accommodation-services,referrals@asphaleia.co.uk,16+ Semi Independent Accommodation and Support Services,Croydon,Croydon,Commissioning council only - no participating authorities named in the notice,,556/2016,20/12/2016,verified (existing data),,
CAYSH,http://www.caysh.org/,info@caysh.org,16+ Semi Independent Accommodation and Support Services,Croydon,Croydon,Commissioning council only - no participating authorities named in the notice,,556/2016,20/12/2016,verified (existing data),,
Dunfield and Mead Ltd,https://dunfieldandmead.co.uk/,info@dunfieldandmead.com,16+ Semi Independent Accommodation and Support Services,Croydon,Croydon,Commissioning council only - no participating authorities named in the notice,,556/2016,20/12/2016,verified (existing data),,
Eric Patrick Care Ltd,http://www.epcare.co.uk/,info@epcare.co.uk,16+ Semi Independent Accommodation and Support Services,Croydon,Croydon,Commissioning council only - no participating authorities named in the notice,,556/2016,20/12/2016,web research (high),"Eric Patrick Care Ltd (CH 08276946, Croydon registered office): EPCare / Accommodation Plus, supported housing for 16-21 care leavers; email in site footer. Site is basic and only supports HTTP.",
Explore Independence Ltd,https://exploreindependenceltd.com/,info@exploreuk.co.uk,16+ Semi Independent Accommodation and Support Services,Croydon,Croydon,Commissioning council only - no participating authorities named in the notice,,556/2016,20/12/2016,web research (medium),"Explore Independence Ltd (CH 08323337, Loughton) provides London supported accommodation for 16+. info@exploreuk.co.uk is published on its own site despite the different domain, so the existing values were correct.",
Finefair Ltd,https://www.finefair.com/public-sectors/care-and-support-services/,info@finefair.com,16+ Semi Independent Accommodation and Support Services,Croydon,Croydon,Commissioning council only - no participating authorities named in the notice,,556/2016,20/12/2016,verified (existing data),,
IAspire Care Services Ltd,http://www.iaspire.co.uk/,hr@iaspire.co.uk,16+ Semi Independent Accommodation and Support Services,Croydon,Croydon,Commissioning council only - no participating authorities named in the notice,,556/2016,20/12/2016,verified (existing data),,
Jordan Xavier Ltd,http://jordanxavier.co.uk/,info@jordanxavier.co.uk,16+ Semi Independent Accommodation and Support Services,Croydon,Croydon,Commissioning council only - no participating authorities named in the notice,,556/2016,20/12/2016,verified (existing data),,
Look Ahead Care and Support,http://www.lookahead.org.uk/,getintouch@lookahead.org.uk,16+ Semi Independent Accommodation and Support Services,Croydon,Croydon,Commissioning council only - no participating authorities named in the notice,,556/2016,20/12/2016,verified (existing data),,
Netpex Limited,https://netpex.co.uk/,referrals@netpex.co.uk,16+ Semi Independent Accommodation and Support Services,Croydon,Croydon,Commissioning council only - no participating authorities named in the notice,,556/2016,20/12/2016,verified (existing data),,
OWNLIFE LTD,https://www.ownlife.org.uk/,hr@ownlife.org.uk,16+ Semi Independent Accommodation and Support Services,Croydon,Croydon,Commissioning council only - no participating authorities named in the notice,,556/2016,20/12/2016,verified (existing data),,
Pangea Support Services Limited,https://www.pangeasupport.com/,info@pangeasupport.com,16+ Semi Independent Accommodation and Support Services,Croydon,Croydon,Commissioning council only - no participating authorities named in the notice,,556/2016,20/12/2016,verified (existing data),,
Silver Birch Care Limited,https://silverbirchcare.com/,supportedreferrals@sbc-holdings-limited.com,16+ Semi Independent Accommodation and Support Services,Croydon,Croydon,Commissioning council only - no participating authorities named in the notice,,556/2016,20/12/2016,web research (high),Existing values correct. Silver Birch Care is owned by Silver Birch Care (Holdings) Ltd (SBC Holdings); the referrals address on the parent's domain is published on silverbirchcare.com's contact page and homepage.,
Step Ahead Services Ltd,http://www.step-a-head.co.uk/,Info@step-a-head.co.uk,16+ Semi Independent Accommodation and Support Services,Croydon,Croydon,Commissioning council only - no participating authorities named in the notice,,556/2016,20/12/2016,verified (existing data),,
Transforming Lives Company,https://transform-lives.org/,teamtlc@transform-lives.org,16+ Semi Independent Accommodation and Support Services,Croydon,Croydon,Commissioning council only - no participating authorities named in the notice,,556/2016,20/12/2016,verified (existing data),,
Young London Today,https://www.young-london.org/,info@young-london.org,16+ Semi Independent Accommodation and Support Services,Croydon,Croydon,Commissioning council only - no participating authorities named in the notice,,556/2016,20/12/2016,web research (medium),"Supported accommodation and semi-independent services, 79a Park Lane, Croydon CR0 1JG. info@young-london.org is in the site's contact page HTML (the server returned 503 but served the page). A search snippet also cites support@young-london.org, which could not be confirmed on the page.",
Youthlinx Ltd,http://youthlinx.co.uk/,No email or contact form found on website,16+ Semi Independent Accommodation and Support Services,Croydon,Croydon,Commissioning council only - no participating authorities named in the notice,,556/2016,20/12/2016,web research (low),"Youthlinx Ltd (CH 10154587, active): supported accommodation for looked-after young people and asylum seekers. Search results show youthlinx.co.uk as its site, but it returned 503 or a Cloudflare challenge on every fetch, so contents and email could not be verified. Consider rechecking later.",
Asphaleia,https://www.asphaleia.co.uk/accommodation-services,referrals@asphaleia.co.uk,830/2019 - Dynamic Purchasing System (DPS) for Health and Social Care. DPS 3 - Independent Living,Croydon,Croydon,Commissioning council only - no participating authorities named in the notice,,CROYD001-DN434334-35525003,11/02/2021,verified (existing data),,
Barnardo's,https://www.barnardos.org.uk/get-support/services/barnardos-nurture-service-inverclyde-thrive-your-time,Contact form: https://www.barnardos.org.uk/contact-us,830/2019 - Dynamic Purchasing System (DPS) for Health and Social Care. DPS 3 - Independent Living,Croydon,Croydon,Commissioning council only - no participating authorities named in the notice,,CROYD001-DN434334-35525003,11/02/2021,verified (existing data),,
CAYSH,http://www.caysh.org/,info@caysh.org,830/2019 - Dynamic Purchasing System (DPS) for Health and Social Care. DPS 3 - Independent Living,Croydon,Croydon,Commissioning council only - no participating authorities named in the notice,,CROYD001-DN434334-35525003,11/02/2021,verified (existing data),,
Evolve Housing & Support,https://www.evolvehousing.org.uk/,enquiries@evolvehousing.org.uk,830/2019 - Dynamic Purchasing System (DPS) for Health and Social Care. DPS 3 - Independent Living,Croydon,Croydon,Commissioning council only - no participating authorities named in the notice,,CROYD001-DN434334-35525003,11/02/2021,verified (existing data),,
Green Harvest Capital Consulting Ltd,http://www.greenharvestcc.com/,admin@greenharvestcc.com,830/2019 - Dynamic Purchasing System (DPS) for Health and Social Care. DPS 3 - Independent Living,Croydon,Croydon,Commissioning council only - no participating authorities named in the notice,,CROYD001-DN434334-35525003,11/02/2021,verified (existing data),,
JEM Support,https://www.jem.services/,info@jem.services,830/2019 - Dynamic Purchasing System (DPS) for Health and Social Care. DPS 3 - Independent Living,Croydon,Croydon,Commissioning council only - no participating authorities named in the notice,,CROYD001-DN434334-35525003,11/02/2021,web research (medium),"Jem Support Services Ltd CH 11235635 (active), 1 Market Street SE18 6FU - 16+ supported accommodation, fits a Croydon youth accommodation contract. Caution: a separate JEM SUPPORT LIMITED (CH 16812867, Dagenham, inc. Oct 2025) also exists with no web presence found.",
Look Ahead Housing and Care,https://www.lookahead.org.uk,getintouch@lookahead.org.uk,830/2019 - Dynamic Purchasing System (DPS) for Health and Social Care. DPS 3 - Independent Living,Croydon,Croydon,Commissioning council only - no participating authorities named in the notice,,CROYD001-DN434334-35525003,11/02/2021,verified (existing data),,
Own Life Ltd,https://www.ownlife.org.uk/,No email or contact form found on website,830/2019 - Dynamic Purchasing System (DPS) for Health and Social Care. DPS 3 - Independent Living,Croydon,Croydon,Commissioning council only - no participating authorities named in the notice,,CROYD001-DN434334-35525003,11/02/2021,web research (high),"OWNLIFE LIMITED CH 02932099 (active, Kenley CR8 - Croydon). Supported accommodation for care leavers in SE London. Site is a holding page ('new website coming soon'); only hr@ownlife.org.uk published, so no general email given.",
CAYSH,http://www.caysh.org/,info@caysh.org,Croydon Young People and Care Leavers Housing Support Service,Croydon,Croydon,Commissioning council only - no participating authorities named in the notice,,IT-618-113-LBC/TN/113 - AWARD,19/11/2024,verified (existing data),Single-award contract kept: young people and care leavers housing support (DPS call-off),
A Star Care Ltd,https://astarcarehomes.com/,info@astarcarehomes.com,Framework Agreement for the provision of 16+ Supported Accommodation Services,Enfield,Enfield,"Commissioning council only - no other authority evidenced. FTS contract notice 041325-2024 and award 012890-2026 name London Borough of Enfield as 'the contracting authority' and sole buyer, with delivery location 'London Borough of Enfield' for each lot. The notices contain no clause permitting other authorities to use the framework.",11784212,012890-2026,12/02/2026,web research (medium),"CH: ASTARCARE LTD, Active, SIC 87900, reg office Harlow CM18. 16+ leaving-care supported accommodation (16-24) 'in and around London'. Site shows no address or company number, so the link to the Harlow company rests on name and sector match only.",
Bayview Healthcare Ltd,https://bayviewhealthcare.co.uk/,info@bayviewhealthcare.co.uk,Framework Agreement for the provision of 16+ Supported Accommodation Services,Enfield,Enfield,"Commissioning council only - no other authority evidenced. FTS contract notice 041325-2024 and award 012890-2026 name London Borough of Enfield as 'the contracting authority' and sole buyer, with delivery location 'London Borough of Enfield' for each lot. The notices contain no clause permitting other authorities to use the framework.",09612812,012890-2026,12/02/2026,web research (high),"CH: BAYVIEW HEALTHCARE LTD, Active, SIC 78300 (HR provision), Southampton. Ofsted-registered 16-25 supported accommodation plus adult supported living, homecare and staffing. Also publishes homecare@bayviewhealthcare.co.uk.","homecare and housing both on homepage (homecare 12, housing 7)"
Bright Future Care Services Ltd,https://www.brightfuturecareservices.co.uk/,info@brightfuturecareservices.co.uk,Framework Agreement for the provision of 16+ Supported Accommodation Services,Enfield,Enfield,"Commissioning council only - no other authority evidenced. FTS contract notice 041325-2024 and award 012890-2026 name London Borough of Enfield as 'the contracting authority' and sole buyer, with delivery location 'London Borough of Enfield' for each lot. The notices contain no clause permitting other authorities to use the framework.",13428801,012890-2026,12/02/2026,web research (medium),"CH: BRIGHT FUTURE CARE SERVICES LTD, Active, SIC 87900, reg office E13 London. 16+ supported accommodation (16-21, Ofsted registered), East London. Site shows no company number, but name, East London location and sector all match.",
Essence Supported Living Ltd,https://essencesupportedliving.uk/,info@essencesupportedliving.uk,Framework Agreement for the provision of 16+ Supported Accommodation Services,Enfield,Enfield,"Commissioning council only - no other authority evidenced. FTS contract notice 041325-2024 and award 012890-2026 name London Borough of Enfield as 'the contracting authority' and sole buyer, with delivery location 'London Borough of Enfield' for each lot. The notices contain no clause permitting other authorities to use the framework.",14423748,012890-2026,12/02/2026,web research (high),"CH: ESSENCE SUPPORTED LIVING LIMITED, Active, SIC 87200, Barking IG11 8BB (same address shown on site). CQC-registered adult supported living (learning disability, mental health, dementia); no clear 16+ offer on site.",
Grow2Gether Care Services Ltd,https://grow2gethercareservices.com/,info@grow2gethercareservices.com,Framework Agreement for the provision of 16+ Supported Accommodation Services,Enfield,Enfield,"Commissioning council only - no other authority evidenced. FTS contract notice 041325-2024 and award 012890-2026 name London Borough of Enfield as 'the contracting authority' and sole buyer, with delivery location 'London Borough of Enfield' for each lot. The notices contain no clause permitting other authorities to use the framework.",12602939,012890-2026,12/02/2026,web research (medium),"CH: GROW2GETHER CARE SERVICES LTD, Active, SIC 87900, reg office Kemp House EC1V (virtual office). 16-24 supported accommodation for looked-after young people, 24/7. Site shows no address or company number; exact name match.",
Immediate Social Care Limited,https://www.immediatesocialcare.co.uk/,info@immediatesocialcare.co.uk,Framework Agreement for the provision of 16+ Supported Accommodation Services,Enfield,Enfield,"Commissioning council only - no other authority evidenced. FTS contract notice 041325-2024 and award 012890-2026 name London Borough of Enfield as 'the contracting authority' and sole buyer, with delivery location 'London Borough of Enfield' for each lot. The notices contain no clause permitting other authorities to use the framework.",07135030,012890-2026,12/02/2026,web research (high),"CH: IMMEDIATE SOCIAL CARE LIMITED, Active, SIC 87900/88990, 149 Mandeville Road Enfield EN3 6SG (matches site). Adult supported living and domiciliary care agency (18+, LD/MH), incl. Croydon floating support.","homecare and housing both on homepage (homecare 10, housing 17)"
Jordan Xavier Ltd,http://jordanxavier.co.uk/,info@jordanxavier.co.uk,Framework Agreement for the provision of 16+ Supported Accommodation Services,Enfield,Enfield,"Commissioning council only - no other authority evidenced. FTS contract notice 041325-2024 and award 012890-2026 name London Borough of Enfield as 'the contracting authority' and sole buyer, with delivery location 'London Borough of Enfield' for each lot. The notices contain no clause permitting other authorities to use the framework.",05056181,012890-2026,12/02/2026,verified (existing data),,
Leadway Care Services Ltd,https://leadwaycare.com/,info@leadwaycare.com,Framework Agreement for the provision of 16+ Supported Accommodation Services,Enfield,Enfield,"Commissioning council only - no other authority evidenced. FTS contract notice 041325-2024 and award 012890-2026 name London Borough of Enfield as 'the contracting authority' and sole buyer, with delivery location 'London Borough of Enfield' for each lot. The notices contain no clause permitting other authorities to use the framework.",13409611,012890-2026,12/02/2026,web research (high),"CH: LEADWAY CARE SERVICES LTD, Active, SIC 55900/87900, 38 Vicarage Park SE18 7SU (matches site contact page). 16-18 supported accommodation / independence pathway.",
NelCare (North and East London Care Ltd),https://www.nelcare.org.uk/,placements@nelcare.org.uk,Framework Agreement for the provision of 16+ Supported Accommodation Services,Enfield,Enfield,"Commissioning council only - no other authority evidenced. FTS contract notice 041325-2024 and award 012890-2026 name London Borough of Enfield as 'the contracting authority' and sole buyer, with delivery location 'London Borough of Enfield' for each lot. The notices contain no clause permitting other authorities to use the framework.",07414134,012890-2026,12/02/2026,web research (medium),"CH: NORTH AND EAST LONDON CARE LTD, Active, SIC 87900, Global House 303 Ballards Lane N12. 16+ semi-independent supported accommodation (Ofsted registered). Site is under maintenance with no company number or address; the 'NelCare' brand name and service match.",
Oasis Care UK Group Ltd,https://www.oasiscareukgroup.com/,info@oasiscareukgroup.co.uk,Framework Agreement for the provision of 16+ Supported Accommodation Services,Enfield,Enfield,"Commissioning council only - no other authority evidenced. FTS contract notice 041325-2024 and award 012890-2026 name London Borough of Enfield as 'the contracting authority' and sole buyer, with delivery location 'London Borough of Enfield' for each lot. The notices contain no clause permitting other authorities to use the framework.",11596193,012890-2026,12/02/2026,web research (high),"CH: OASIS-CARE UK GROUP LIMITED, Active, SIC 70229/87900, 121 Peet Street Derby DE22 3RG (matches site). CQC residential care plus Ofsted supported accommodation for young people with complex needs; has a referral/placements hub. Email domain is .co.uk although the site is .com; this is the address the site publishes.",
Oiza Healthcare Limited,https://oizahealthcareltd.com/,info@oizahealthcareltd.com,Framework Agreement for the provision of 16+ Supported Accommodation Services,Enfield,Enfield,"Commissioning council only - no other authority evidenced. FTS contract notice 041325-2024 and award 012890-2026 name London Borough of Enfield as 'the contracting authority' and sole buyer, with delivery location 'London Borough of Enfield' for each lot. The notices contain no clause permitting other authorities to use the framework.",10278464,012890-2026,12/02/2026,web research (high),"CH: OIZA HEALTHCARE LIMITED, Active, SIC 68100/68209/87200/87900, Weighbridge Road Mansfield NG18 1AH (matches site). Homecare agency (CQC: personal and dementia care). Also runs a second site, oizahealthcare.co.uk, with the same address. No visible 16+ accommodation offer.",Homecare provider that also offers supported living/accommodation
Optimal Care Plus Ltd,https://optimalcareplus.co.uk/,info@optimalcareplus.co.uk,Framework Agreement for the provision of 16+ Supported Accommodation Services,Enfield,Enfield,"Commissioning council only - no other authority evidenced. FTS contract notice 041325-2024 and award 012890-2026 name London Borough of Enfield as 'the contracting authority' and sole buyer, with delivery location 'London Borough of Enfield' for each lot. The notices contain no clause permitting other authorities to use the framework.",13053234,012890-2026,12/02/2026,web research (medium),"CH: OPTIMALCAREPLUS LIMITED, Active, SIC 86900, East Tilbury RM18 8RH (company no. and address shown on site). Homecare agency (CQC Good) that also offers 16+ semi-independent / supported living. The contact page also lists many unrelated-looking branch emails (re.optimalcareplus.co.uk, profadcare.co.uk), so use only the info@ address.",Homecare provider that also offers supported living/accommodation
Outsets Care Services LTD,https://www.outsetcareservices.co.uk/,admin@outsetcareservices.co.uk,Framework Agreement for the provision of 16+ Supported Accommodation Services,Enfield,Enfield,"Commissioning council only - no other authority evidenced. FTS contract notice 041325-2024 and award 012890-2026 name London Borough of Enfield as 'the contracting authority' and sole buyer, with delivery location 'London Borough of Enfield' for each lot. The notices contain no clause permitting other authorities to use the framework.",10798815,012890-2026,12/02/2026,web research (medium),"CH: OUTSET CARE SERVICES LTD (no 's'), Active, SIC 55900/87900, Wenta Business Centre Enfield EN3 7XU. 16+ semi-independent homes across London working with local authorities. Site shows no company number or address; name and sector match.",
Pathfinder Care Services Ltd,https://www.pathfinderscareservices.org/,info@pathfinderscareservices.com,Framework Agreement for the provision of 16+ Supported Accommodation Services,Enfield,Enfield,"Commissioning council only - no other authority evidenced. FTS contract notice 041325-2024 and award 012890-2026 name London Borough of Enfield as 'the contracting authority' and sole buyer, with delivery location 'London Borough of Enfield' for each lot. The notices contain no clause permitting other authorities to use the framework.",08910283,012890-2026,12/02/2026,verified (existing data),,
Salvation Army Housing Association,https://www.salvationarmyhomes.org.uk,allocations@salvationarmyhomes.org.uk,Framework Agreement for the provision of 16+ Supported Accommodation Services,Enfield,Enfield,"Commissioning council only - no other authority evidenced. FTS contract notice 041325-2024 and award 012890-2026 name London Borough of Enfield as 'the contracting authority' and sole buyer, with delivery location 'London Borough of Enfield' for each lot. The notices contain no clause permitting other authorities to use the framework.",,012890-2026,12/02/2026,verified (existing data),,
Serenity Housing Support Ltd,https://serenityhousingsupport.co.uk/,info@serenityhousingsupport.co.uk,Framework Agreement for the provision of 16+ Supported Accommodation Services,Enfield,Enfield,"Commissioning council only - no other authority evidenced. FTS contract notice 041325-2024 and award 012890-2026 name London Borough of Enfield as 'the contracting authority' and sole buyer, with delivery location 'London Borough of Enfield' for each lot. The notices contain no clause permitting other authorities to use the framework.",11236282,012890-2026,12/02/2026,web research (high),"CH: SERENITY HOUSING SUPPORT LTD, Active, SIC 68209/87900, 7 Castle Quay Nottingham (matches site contact page). 16-18 semi-independent supported accommodation in Nottingham.",
Skyward Care Ltd,https://www.skywardcare.org.uk/,Contact form: https://www.skywardcare.org.uk/contact,Framework Agreement for the provision of 16+ Supported Accommodation Services,Enfield,Enfield,"Commissioning council only - no other authority evidenced. FTS contract notice 041325-2024 and award 012890-2026 name London Borough of Enfield as 'the contracting authority' and sole buyer, with delivery location 'London Borough of Enfield' for each lot. The notices contain no clause permitting other authorities to use the framework.",15002308,012890-2026,12/02/2026,web research (medium),"CH: SKYWARD CARE LTD, Active, SIC 86900, 491 Commercial Road E1 0HA, incorporated Jul 2023. Supported accommodation (bedsits/self-contained flats) for looked-after children and care leavers. Site has only a contact form, with no address or company number shown.",
TNS Care Ltd,https://www.tnscare.com/,Contact form: https://www.tnscare.com/contact,Framework Agreement for the provision of 16+ Supported Accommodation Services,Enfield,Enfield,"Commissioning council only - no other authority evidenced. FTS contract notice 041325-2024 and award 012890-2026 name London Borough of Enfield as 'the contracting authority' and sole buyer, with delivery location 'London Borough of Enfield' for each lot. The notices contain no clause permitting other authorities to use the framework.",10893083,012890-2026,12/02/2026,web research (high),"CH: TNS CARE LIMITED, Active, SIC 87900, Tiptree CO5 0QE; site shows company no. 10893083. 16+ supported accommodation with specialist intervention for looked-after young people (Ofsted registered 2024, Thurrock). Contact form only; no email published.",
Urban Land Management Ltd,https://www.guaranteedrentnorthlondon.co.uk/,ali@urbanland.org.uk,Framework Agreement for the provision of 16+ Supported Accommodation Services,Enfield,Enfield,"Commissioning council only - no other authority evidenced. FTS contract notice 041325-2024 and award 012890-2026 name London Borough of Enfield as 'the contracting authority' and sole buyer, with delivery location 'London Borough of Enfield' for each lot. The notices contain no clause permitting other authorities to use the framework.",05543894,012890-2026,12/02/2026,web research (medium),"CH: URBAN LAND MANAGEMENT LIMITED, Active, SIC 68320, Urban House 43 Chase Side N14 5BP. Property company: guaranteed-rent lettings and property management for landlords, established 2005 (site names Urban Land Management Limited). No supported accommodation content on site.",
YOUR CARE NURSING LTD,https://www.yourcarenursing.co.uk/,info@yourcarenursing.co.uk,Framework Agreement for the provision of 16+ Supported Accommodation Services,Enfield,Enfield,"Commissioning council only - no other authority evidenced. FTS contract notice 041325-2024 and award 012890-2026 name London Borough of Enfield as 'the contracting authority' and sole buyer, with delivery location 'London Borough of Enfield' for each lot. The notices contain no clause permitting other authorities to use the framework.",12554078,012890-2026,12/02/2026,web research (high),"CH: YOUR CARE NURSING LTD, Active, SIC 86101/86900/87100, Falcon 113 High Street Rainham Kent ME8 8AA (matches site). Ofsted/CQC provider: children's homes, 16-25 supported accommodation and domiciliary care across Kent and London.","homecare and housing both on homepage (homecare 12, housing 27)"
Christian Action (Enfield) Housing Association Ltd,https://www.christianaction.org.uk/,info@christianaction.org.uk,Young Persons Supported Living / Accommodation Pathway Service,Enfield,Enfield,Commissioning council only - no participating authorities named in the notice,,ENFLD001-DN708441-28284058,18/12/2024,web research (high),"Single-award contract kept: young persons accommodation pathway; Site footer confirms Christian Action (Enfield) Housing Association Limited, society reg 23577R. Benedict House, 61 Island Centre Way, Enfield EN3 6GS.",
3D'S HEALTHCARE SERVICES LIMITED,http://www.3dshealthcareservices.co.uk/,info@3dshealthcareservices.co.uk,Supported Living Framework 2020,Essex County Council,Essex County Council,"Essex County Council is the only contracting authority on every notice: CF a7a5f792 (Supported Living Framework 2020, £345m, 1 Mar 2021 - 28 Feb 2025, 80 providers), the FTS 009152-2021 reopening, and the Essex Provider Hub page. None of them names Southend-on-Sea City Council, Thurrock Council, NHS bodies or CCGs/ICBs as users. The wording is 'all new placements made by the Council' and 'for all new referrals of adults into supported living services within Essex'. No evidence was found that Southend, Thurrock or NHS bodies can call off it. The only Southend mention is a supplier address.",09979602,Supported Living Framework 2020,01/03/2021,verified (existing data),Supported living contract over £10m - includes housing,
Acorn Village,http://www.acornvillages.com/,info@acornvillages.com,Supported Living Framework 2020,Essex County Council,Essex County Council,"Essex County Council is the only contracting authority on every notice: CF a7a5f792 (Supported Living Framework 2020, £345m, 1 Mar 2021 - 28 Feb 2025, 80 providers), the FTS 009152-2021 reopening, and the Essex Provider Hub page. None of them names Southend-on-Sea City Council, Thurrock Council, NHS bodies or CCGs/ICBs as users. The wording is 'all new placements made by the Council' and 'for all new referrals of adults into supported living services within Essex'. No evidence was found that Southend, Thurrock or NHS bodies can call off it. The only Southend mention is a supplier address.",01048360,Supported Living Framework 2020,01/03/2021,verified (existing data),Supported living contract over £10m - includes housing,
Anglo Support and Housing,http://anglosupport.co.uk/,info@anglosupport.co.uk,Supported Living Framework 2020,Essex County Council,Essex County Council,"Essex County Council is the only contracting authority on every notice: CF a7a5f792 (Supported Living Framework 2020, £345m, 1 Mar 2021 - 28 Feb 2025, 80 providers), the FTS 009152-2021 reopening, and the Essex Provider Hub page. None of them names Southend-on-Sea City Council, Thurrock Council, NHS bodies or CCGs/ICBs as users. The wording is 'all new placements made by the Council' and 'for all new referrals of adults into supported living services within Essex'. No evidence was found that Southend, Thurrock or NHS bodies can call off it. The only Southend mention is a supplier address.",10996564,Supported Living Framework 2020,01/03/2021,verified (existing data),Supported living contract over £10m - includes housing,"homecare and housing both on homepage (homecare 3, housing 6)"
Aspirations Care,http://www.aspirations-support.co.uk/,info@aspirations-support.co.uk,Supported Living Framework 2020,Essex County Council,Essex County Council,"Essex County Council is the only contracting authority on every notice: CF a7a5f792 (Supported Living Framework 2020, £345m, 1 Mar 2021 - 28 Feb 2025, 80 providers), the FTS 009152-2021 reopening, and the Essex Provider Hub page. None of them names Southend-on-Sea City Council, Thurrock Council, NHS bodies or CCGs/ICBs as users. The wording is 'all new placements made by the Council' and 'for all new referrals of adults into supported living services within Essex'. No evidence was found that Southend, Thurrock or NHS bodies can call off it. The only Southend mention is a supplier address.",05110576,Supported Living Framework 2020,01/03/2021,verified (existing data),Supported living contract over £10m - includes housing,
Autism Anglia,http://www.autism-anglia.org.uk/,info@autism-anglia.org.uk,Supported Living Framework 2020,Essex County Council,Essex County Council,"Essex County Council is the only contracting authority on every notice: CF a7a5f792 (Supported Living Framework 2020, £345m, 1 Mar 2021 - 28 Feb 2025, 80 providers), the FTS 009152-2021 reopening, and the Essex Provider Hub page. None of them names Southend-on-Sea City Council, Thurrock Council, NHS bodies or CCGs/ICBs as users. The wording is 'all new placements made by the Council' and 'for all new referrals of adults into supported living services within Essex'. No evidence was found that Southend, Thurrock or NHS bodies can call off it. The only Southend mention is a supplier address.",3407778,Supported Living Framework 2020,01/03/2021,verified (existing data),Supported living contract over £10m - includes housing,
AVENUES SOUTH EAST,https://www.avenuesgroup.org.uk/about-us/where-we-work/south-east/,info@avenuesgroup.org.uk,Supported Living Framework 2020,Essex County Council,Essex County Council,"Essex County Council is the only contracting authority on every notice: CF a7a5f792 (Supported Living Framework 2020, £345m, 1 Mar 2021 - 28 Feb 2025, 80 providers), the FTS 009152-2021 reopening, and the Essex Provider Hub page. None of them names Southend-on-Sea City Council, Thurrock Council, NHS bodies or CCGs/ICBs as users. The wording is 'all new placements made by the Council' and 'for all new referrals of adults into supported living services within Essex'. No evidence was found that Southend, Thurrock or NHS bodies can call off it. The only Southend mention is a supplier address.",03923486,Supported Living Framework 2020,01/03/2021,verified (existing data),Supported living contract over £10m - includes housing,
Bamburgh House Limited,https://bamburghhouse.co.uk/,info@bamburghhouse.co.uk,Supported Living Framework 2020,Essex County Council,Essex County Council,"Essex County Council is the only contracting authority on every notice: CF a7a5f792 (Supported Living Framework 2020, £345m, 1 Mar 2021 - 28 Feb 2025, 80 providers), the FTS 009152-2021 reopening, and the Essex Provider Hub page. None of them names Southend-on-Sea City Council, Thurrock Council, NHS bodies or CCGs/ICBs as users. The wording is 'all new placements made by the Council' and 'for all new referrals of adults into supported living services within Essex'. No evidence was found that Southend, Thurrock or NHS bodies can call off it. The only Southend mention is a supplier address.",08352389,Supported Living Framework 2020,01/03/2021,verified (existing data),Supported living contract over £10m - includes housing,
Care By Us Ltd,http://www.carebyus.com/,enquiries@carebyus.com,Supported Living Framework 2020,Essex County Council,Essex County Council,"Essex County Council is the only contracting authority on every notice: CF a7a5f792 (Supported Living Framework 2020, £345m, 1 Mar 2021 - 28 Feb 2025, 80 providers), the FTS 009152-2021 reopening, and the Essex Provider Hub page. None of them names Southend-on-Sea City Council, Thurrock Council, NHS bodies or CCGs/ICBs as users. The wording is 'all new placements made by the Council' and 'for all new referrals of adults into supported living services within Essex'. No evidence was found that Southend, Thurrock or NHS bodies can call off it. The only Southend mention is a supplier address.",04664433,Supported Living Framework 2020,01/03/2021,verified (existing data),Supported living contract over £10m - includes housing,
CARETECH COMMUNITY SERVICES LIMITED,https://www.caretech-uk.com,info@caretech-uk.com,Supported Living Framework 2020,Essex County Council,Essex County Council,"Essex County Council is the only contracting authority on every notice: CF a7a5f792 (Supported Living Framework 2020, £345m, 1 Mar 2021 - 28 Feb 2025, 80 providers), the FTS 009152-2021 reopening, and the Essex Provider Hub page. None of them names Southend-on-Sea City Council, Thurrock Council, NHS bodies or CCGs/ICBs as users. The wording is 'all new placements made by the Council' and 'for all new referrals of adults into supported living services within Essex'. No evidence was found that Southend, Thurrock or NHS bodies can call off it. The only Southend mention is a supplier address.",02804415,Supported Living Framework 2020,01/03/2021,verified (existing data),Supported living contract over £10m - includes housing,
CHOICE SUPPORT,https://www.choicesupport.org.uk,info@choicesupport.org.uk,Supported Living Framework 2020,Essex County Council,Essex County Council,"Essex County Council is the only contracting authority on every notice: CF a7a5f792 (Supported Living Framework 2020, £345m, 1 Mar 2021 - 28 Feb 2025, 80 providers), the FTS 009152-2021 reopening, and the Essex Provider Hub page. None of them names Southend-on-Sea City Council, Thurrock Council, NHS bodies or CCGs/ICBs as users. The wording is 'all new placements made by the Council' and 'for all new referrals of adults into supported living services within Essex'. No evidence was found that Southend, Thurrock or NHS bodies can call off it. The only Southend mention is a supplier address.",08971493,Supported Living Framework 2020,01/03/2021,verified (existing data),Supported living contract over £10m - includes housing,
Chosen Care Group Limited,http://www.chosencaregroup.com/,info@chosencaregroup.com,Supported Living Framework 2020,Essex County Council,Essex County Council,"Essex County Council is the only contracting authority on every notice: CF a7a5f792 (Supported Living Framework 2020, £345m, 1 Mar 2021 - 28 Feb 2025, 80 providers), the FTS 009152-2021 reopening, and the Essex Provider Hub page. None of them names Southend-on-Sea City Council, Thurrock Council, NHS bodies or CCGs/ICBs as users. The wording is 'all new placements made by the Council' and 'for all new referrals of adults into supported living services within Essex'. No evidence was found that Southend, Thurrock or NHS bodies can call off it. The only Southend mention is a supplier address.",6942967,Supported Living Framework 2020,01/03/2021,verified (existing data),Supported living contract over £10m - includes housing,
COMPLETE LIFE LTD,https://complete-life.co.uk/,No email or contact form found on website,Supported Living Framework 2020,Essex County Council,Essex County Council,"Essex County Council is the only contracting authority on every notice: CF a7a5f792 (Supported Living Framework 2020, £345m, 1 Mar 2021 - 28 Feb 2025, 80 providers), the FTS 009152-2021 reopening, and the Essex Provider Hub page. None of them names Southend-on-Sea City Council, Thurrock Council, NHS bodies or CCGs/ICBs as users. The wording is 'all new placements made by the Council' and 'for all new referrals of adults into supported living services within Essex'. No evidence was found that Southend, Thurrock or NHS bodies can call off it. The only Southend mention is a supplier address.",12408191,Supported Living Framework 2020,01/03/2021,web research (medium),"Complete Life, Essex/Colchester LD and autism support (CH 12408191). The existing complete-care-services site and email belong to a different company. The site currently returns 503 with an expired SSL certificate, so no email could be read from it.; Supported living contract over £10m - includes housing",
CREATIVE SUPPORT LIMITED,https://www.creativesupport.co.uk,enquiries@creativesupport.co.uk,Supported Living Framework 2020,Essex County Council,Essex County Council,"Essex County Council is the only contracting authority on every notice: CF a7a5f792 (Supported Living Framework 2020, £345m, 1 Mar 2021 - 28 Feb 2025, 80 providers), the FTS 009152-2021 reopening, and the Essex Provider Hub page. None of them names Southend-on-Sea City Council, Thurrock Council, NHS bodies or CCGs/ICBs as users. The wording is 'all new placements made by the Council' and 'for all new referrals of adults into supported living services within Essex'. No evidence was found that Southend, Thurrock or NHS bodies can call off it. The only Southend mention is a supplier address.",IP27440R,Supported Living Framework 2020,01/03/2021,verified (existing data),Supported living contract over £10m - includes housing,
CROWN MEDICAL SERVICES LIMITED,https://www.crownmedicalservices.co.uk/,No email or contact form found on website,Supported Living Framework 2020,Essex County Council,Essex County Council,"Essex County Council is the only contracting authority on every notice: CF a7a5f792 (Supported Living Framework 2020, £345m, 1 Mar 2021 - 28 Feb 2025, 80 providers), the FTS 009152-2021 reopening, and the Essex Provider Hub page. None of them names Southend-on-Sea City Council, Thurrock Council, NHS bodies or CCGs/ICBs as users. The wording is 'all new placements made by the Council' and 'for all new referrals of adults into supported living services within Essex'. No evidence was found that Southend, Thurrock or NHS bodies can call off it. The only Southend mention is a supplier address.",09478290,Supported Living Framework 2020,01/03/2021,web research (low),"Chigwell homecare (CH 09478290). Companies House status is LIQUIDATION, with overdue accounts. The site blocks automated fetches (403), so no email was verified; the existing email was malformed. Directories also cite crownmedicalservices.uk.; Supported living contract over £10m - includes housing",
DELIGHT SUPPORTED LIVING LTD,https://www.delightsupportedliving.co.uk/,No email or contact form found on website,Supported Living Framework 2020,Essex County Council,Essex County Council,"Essex County Council is the only contracting authority on every notice: CF a7a5f792 (Supported Living Framework 2020, £345m, 1 Mar 2021 - 28 Feb 2025, 80 providers), the FTS 009152-2021 reopening, and the Essex Provider Hub page. None of them names Southend-on-Sea City Council, Thurrock Council, NHS bodies or CCGs/ICBs as users. The wording is 'all new placements made by the Council' and 'for all new referrals of adults into supported living services within Essex'. No evidence was found that Southend, Thurrock or NHS bodies can call off it. The only Southend mention is a supplier address.",SC364247,Supported Living Framework 2020,01/03/2021,web research (low),"CQC-registered Colchester domiciliary/supported living service (Weston Business Centre, CO2 8JX, 01206 489881). The site returns HTTP 500 and has spam pages indexed under it, so it may be compromised. CH SC364247 is a Scottish-registered 'Delight Supported Living Ltd' (Kirkintilloch), which may not be the same entity. No email found.; Supported living contract over £10m - includes housing",
Dimensions UK Ltd,https://dimensions-uk.org/,enquiries@dimensions-uk.org,Supported Living Framework 2020,Essex County Council,Essex County Council,"Essex County Council is the only contracting authority on every notice: CF a7a5f792 (Supported Living Framework 2020, £345m, 1 Mar 2021 - 28 Feb 2025, 80 providers), the FTS 009152-2021 reopening, and the Essex Provider Hub page. None of them names Southend-on-Sea City Council, Thurrock Council, NHS bodies or CCGs/ICBs as users. The wording is 'all new placements made by the Council' and 'for all new referrals of adults into supported living services within Essex'. No evidence was found that Southend, Thurrock or NHS bodies can call off it. The only Southend mention is a supplier address.",,Supported Living Framework 2020,01/03/2021,verified (existing data),Supported living contract over £10m - includes housing,
Elysium Supported Living Limited,https://www.elysiumhealthcare.co.uk/locations/1-lichfield-lane/,info@elysiumhealthcare.co.uk,Supported Living Framework 2020,Essex County Council,Essex County Council,"Essex County Council is the only contracting authority on every notice: CF a7a5f792 (Supported Living Framework 2020, £345m, 1 Mar 2021 - 28 Feb 2025, 80 providers), the FTS 009152-2021 reopening, and the Essex Provider Hub page. None of them names Southend-on-Sea City Council, Thurrock Council, NHS bodies or CCGs/ICBs as users. The wording is 'all new placements made by the Council' and 'for all new referrals of adults into supported living services within Essex'. No evidence was found that Southend, Thurrock or NHS bodies can call off it. The only Southend mention is a supplier address.",07642106,Supported Living Framework 2020,01/03/2021,verified (existing data),Supported living contract over £10m - includes housing,
ENS Care and Support,http://ens-care.co.uk/,info@ens-care.co.uk,Supported Living Framework 2020,Essex County Council,Essex County Council,"Essex County Council is the only contracting authority on every notice: CF a7a5f792 (Supported Living Framework 2020, £345m, 1 Mar 2021 - 28 Feb 2025, 80 providers), the FTS 009152-2021 reopening, and the Essex Provider Hub page. None of them names Southend-on-Sea City Council, Thurrock Council, NHS bodies or CCGs/ICBs as users. The wording is 'all new placements made by the Council' and 'for all new referrals of adults into supported living services within Essex'. No evidence was found that Southend, Thurrock or NHS bodies can call off it. The only Southend mention is a supplier address.",02665898,Supported Living Framework 2020,01/03/2021,verified (existing data),Supported living contract over £10m - includes housing,
ESSEX CARES LIMITED,https://www.ecl.org/,ECL.ContactCentre@essexcares.org,Supported Living Framework 2020,Essex County Council,Essex County Council,"Essex County Council is the only contracting authority on every notice: CF a7a5f792 (Supported Living Framework 2020, £345m, 1 Mar 2021 - 28 Feb 2025, 80 providers), the FTS 009152-2021 reopening, and the Essex Provider Hub page. None of them names Southend-on-Sea City Council, Thurrock Council, NHS bodies or CCGs/ICBs as users. The wording is 'all new placements made by the Council' and 'for all new referrals of adults into supported living services within Essex'. No evidence was found that Southend, Thurrock or NHS bodies can call off it. The only Southend mention is a supplier address.",06723149,Supported Living Framework 2020,01/03/2021,web research (high),"ECL is the trading name of Essex Cares Limited, confirmed on the contact page. The existing email was correct; the website URL was cleaned of tracking parameters.; Supported living contract over £10m - includes housing",
ESTUARY HOUSING ASSOCIATION,https://estuary.co.uk/,info@estuary.co.uk,Supported Living Framework 2020,Essex County Council,Essex County Council,"Essex County Council is the only contracting authority on every notice: CF a7a5f792 (Supported Living Framework 2020, £345m, 1 Mar 2021 - 28 Feb 2025, 80 providers), the FTS 009152-2021 reopening, and the Essex Provider Hub page. None of them names Southend-on-Sea City Council, Thurrock Council, NHS bodies or CCGs/ICBs as users. The wording is 'all new placements made by the Council' and 'for all new referrals of adults into supported living services within Essex'. No evidence was found that Southend, Thurrock or NHS bodies can call off it. The only Southend mention is a supplier address.",,Supported Living Framework 2020,01/03/2021,web research (high),Southend-on-Sea housing association. deltahousing.org.uk was wrong.; Supported living contract over £10m - includes housing,
Excellence Care,http://excellence-care.co.uk/,info@excellence-care.co.uk,Supported Living Framework 2020,Essex County Council,Essex County Council,"Essex County Council is the only contracting authority on every notice: CF a7a5f792 (Supported Living Framework 2020, £345m, 1 Mar 2021 - 28 Feb 2025, 80 providers), the FTS 009152-2021 reopening, and the Essex Provider Hub page. None of them names Southend-on-Sea City Council, Thurrock Council, NHS bodies or CCGs/ICBs as users. The wording is 'all new placements made by the Council' and 'for all new referrals of adults into supported living services within Essex'. No evidence was found that Southend, Thurrock or NHS bodies can call off it. The only Southend mention is a supplier address.",06607875,Supported Living Framework 2020,01/03/2021,verified (existing data),Supported living contract over £10m - includes housing,
FITZROY SUPPORT,https://www.fitzroy.org,info@fitzroy.org,Supported Living Framework 2020,Essex County Council,Essex County Council,"Essex County Council is the only contracting authority on every notice: CF a7a5f792 (Supported Living Framework 2020, £345m, 1 Mar 2021 - 28 Feb 2025, 80 providers), the FTS 009152-2021 reopening, and the Essex Provider Hub page. None of them names Southend-on-Sea City Council, Thurrock Council, NHS bodies or CCGs/ICBs as users. The wording is 'all new placements made by the Council' and 'for all new referrals of adults into supported living services within Essex'. No evidence was found that Southend, Thurrock or NHS bodies can call off it. The only Southend mention is a supplier address.",02699902,Supported Living Framework 2020,01/03/2021,verified (existing data),Supported living contract over £10m - includes housing,
Forget Me Not Caring Ltd,https://forgetmenotcaring.co.uk/,admin@forgetmenotcaring.co.uk,Supported Living Framework 2020,Essex County Council,Essex County Council,"Essex County Council is the only contracting authority on every notice: CF a7a5f792 (Supported Living Framework 2020, £345m, 1 Mar 2021 - 28 Feb 2025, 80 providers), the FTS 009152-2021 reopening, and the Essex Provider Hub page. None of them names Southend-on-Sea City Council, Thurrock Council, NHS bodies or CCGs/ICBs as users. The wording is 'all new placements made by the Council' and 'for all new referrals of adults into supported living services within Essex'. No evidence was found that Southend, Thurrock or NHS bodies can call off it. The only Southend mention is a supplier address.",07802733,Supported Living Framework 2020,01/03/2021,verified (existing data),Supported living contract over £10m - includes housing,
Frantec Limited,https://frantec-care.co.uk/,info@frantec.co.uk,Supported Living Framework 2020,Essex County Council,Essex County Council,"Essex County Council is the only contracting authority on every notice: CF a7a5f792 (Supported Living Framework 2020, £345m, 1 Mar 2021 - 28 Feb 2025, 80 providers), the FTS 009152-2021 reopening, and the Essex Provider Hub page. None of them names Southend-on-Sea City Council, Thurrock Council, NHS bodies or CCGs/ICBs as users. The wording is 'all new placements made by the Council' and 'for all new referrals of adults into supported living services within Essex'. No evidence was found that Southend, Thurrock or NHS bodies can call off it. The only Southend mention is a supplier address.",05313203,Supported Living Framework 2020,01/03/2021,web research (high),"Frantec live-in care, Stowmarket. The frantec.co.uk email is published on the frantec-care.co.uk contact page, so the existing values were correct.; Supported living contract over £10m - includes housing",
Grove Care Partnership Limited,https://consensussupport.com/,enquiries@consensussupport.com,Supported Living Framework 2020,Essex County Council,Essex County Council,"Essex County Council is the only contracting authority on every notice: CF a7a5f792 (Supported Living Framework 2020, £345m, 1 Mar 2021 - 28 Feb 2025, 80 providers), the FTS 009152-2021 reopening, and the Essex Provider Hub page. None of them names Southend-on-Sea City Council, Thurrock Council, NHS bodies or CCGs/ICBs as users. The wording is 'all new placements made by the Council' and 'for all new referrals of adults into supported living services within Essex'. No evidence was found that Southend, Thurrock or NHS bodies can call off it. The only Southend mention is a supplier address.",4918627,Supported Living Framework 2020,01/03/2021,web research (medium),"CQC lists consensussupport.com as the website for Grove Care Partnership Ltd. Its registered office (3 The Courtyards, Phoenix Square, Colchester) is the Consensus Support HQ, so it is part of the Consensus group with no site of its own. referrals@consensussupport.com is also on the page. The allegracare.co.uk link was a different company.; Supported living contract over £10m - includes housing",
HF TRUST LIMITED,https://www.hft.org.uk,hello@hft.org.uk,Supported Living Framework 2020,Essex County Council,Essex County Council,"Essex County Council is the only contracting authority on every notice: CF a7a5f792 (Supported Living Framework 2020, £345m, 1 Mar 2021 - 28 Feb 2025, 80 providers), the FTS 009152-2021 reopening, and the Essex Provider Hub page. None of them names Southend-on-Sea City Council, Thurrock Council, NHS bodies or CCGs/ICBs as users. The wording is 'all new placements made by the Council' and 'for all new referrals of adults into supported living services within Essex'. No evidence was found that Southend, Thurrock or NHS bodies can call off it. The only Southend mention is a supplier address.",00734984,Supported Living Framework 2020,01/03/2021,verified (existing data),Supported living contract over £10m - includes housing,
HILTON COMMUNITY SERVICES LIMITED,http://www.hiltoncare.com/,admin@hiltoncare.com,Supported Living Framework 2020,Essex County Council,Essex County Council,"Essex County Council is the only contracting authority on every notice: CF a7a5f792 (Supported Living Framework 2020, £345m, 1 Mar 2021 - 28 Feb 2025, 80 providers), the FTS 009152-2021 reopening, and the Essex Provider Hub page. None of them names Southend-on-Sea City Council, Thurrock Council, NHS bodies or CCGs/ICBs as users. The wording is 'all new placements made by the Council' and 'for all new referrals of adults into supported living services within Essex'. No evidence was found that Southend, Thurrock or NHS bodies can call off it. The only Southend mention is a supplier address.",04111546,Supported Living Framework 2020,01/03/2021,verified (existing data),Supported living contract over £10m - includes housing,
HOME GROUP LIMITED,https://www.homegroup.org.uk,info@homegroup.org.uk,Supported Living Framework 2020,Essex County Council,Essex County Council,"Essex County Council is the only contracting authority on every notice: CF a7a5f792 (Supported Living Framework 2020, £345m, 1 Mar 2021 - 28 Feb 2025, 80 providers), the FTS 009152-2021 reopening, and the Essex Provider Hub page. None of them names Southend-on-Sea City Council, Thurrock Council, NHS bodies or CCGs/ICBs as users. The wording is 'all new placements made by the Council' and 'for all new referrals of adults into supported living services within Essex'. No evidence was found that Southend, Thurrock or NHS bodies can call off it. The only Southend mention is a supplier address.",IP22981R,Supported Living Framework 2020,01/03/2021,verified (existing data),Supported living contract over £10m - includes housing,
Homes Plus Care,https://www.homespluscare.co.uk/,info@homespluscare.co.uk,Supported Living Framework 2020,Essex County Council,Essex County Council,"Essex County Council is the only contracting authority on every notice: CF a7a5f792 (Supported Living Framework 2020, £345m, 1 Mar 2021 - 28 Feb 2025, 80 providers), the FTS 009152-2021 reopening, and the Essex Provider Hub page. None of them names Southend-on-Sea City Council, Thurrock Council, NHS bodies or CCGs/ICBs as users. The wording is 'all new placements made by the Council' and 'for all new referrals of adults into supported living services within Essex'. No evidence was found that Southend, Thurrock or NHS bodies can call off it. The only Southend mention is a supplier address.",06962706,Supported Living Framework 2020,01/03/2021,verified (existing data),Supported living contract over £10m - includes housing,
IECC (Independent Excel Care Consortium) Ltd,http://iecc-care.co.uk/,info@iecc-care.co.uk,Supported Living Framework 2020,Essex County Council,Essex County Council,"Essex County Council is the only contracting authority on every notice: CF a7a5f792 (Supported Living Framework 2020, £345m, 1 Mar 2021 - 28 Feb 2025, 80 providers), the FTS 009152-2021 reopening, and the Essex Provider Hub page. None of them names Southend-on-Sea City Council, Thurrock Council, NHS bodies or CCGs/ICBs as users. The wording is 'all new placements made by the Council' and 'for all new referrals of adults into supported living services within Essex'. No evidence was found that Southend, Thurrock or NHS bodies can call off it. The only Southend mention is a supplier address.",08591892,Supported Living Framework 2020,01/03/2021,verified (existing data),Supported living contract over £10m - includes housing,
INFINITELIFE GROUP LTD,https://www.infinitelifegroup.co.uk/,info@infinitelifegroup.co.uk,Supported Living Framework 2020,Essex County Council,Essex County Council,"Essex County Council is the only contracting authority on every notice: CF a7a5f792 (Supported Living Framework 2020, £345m, 1 Mar 2021 - 28 Feb 2025, 80 providers), the FTS 009152-2021 reopening, and the Essex Provider Hub page. None of them names Southend-on-Sea City Council, Thurrock Council, NHS bodies or CCGs/ICBs as users. The wording is 'all new placements made by the Council' and 'for all new referrals of adults into supported living services within Essex'. No evidence was found that Southend, Thurrock or NHS bodies can call off it. The only Southend mention is a supplier address.",12119254,Supported Living Framework 2020,01/03/2021,verified (existing data),Supported living contract over £10m - includes housing,
Intrigue Homecare Limited,http://intriguehomecare.org/,info@intriguehomecare.org,Supported Living Framework 2020,Essex County Council,Essex County Council,"Essex County Council is the only contracting authority on every notice: CF a7a5f792 (Supported Living Framework 2020, £345m, 1 Mar 2021 - 28 Feb 2025, 80 providers), the FTS 009152-2021 reopening, and the Essex Provider Hub page. None of them names Southend-on-Sea City Council, Thurrock Council, NHS bodies or CCGs/ICBs as users. The wording is 'all new placements made by the Council' and 'for all new referrals of adults into supported living services within Essex'. No evidence was found that Southend, Thurrock or NHS bodies can call off it. The only Southend mention is a supplier address.",10413827,Supported Living Framework 2020,01/03/2021,verified (existing data),,Homecare provider that also offers supported living/accommodation
KEMFA Services Limited,http://www.kemfaservices.co.uk/,care@kemfaservices.co.uk,Supported Living Framework 2020,Essex County Council,Essex County Council,"Essex County Council is the only contracting authority on every notice: CF a7a5f792 (Supported Living Framework 2020, £345m, 1 Mar 2021 - 28 Feb 2025, 80 providers), the FTS 009152-2021 reopening, and the Essex Provider Hub page. None of them names Southend-on-Sea City Council, Thurrock Council, NHS bodies or CCGs/ICBs as users. The wording is 'all new placements made by the Council' and 'for all new referrals of adults into supported living services within Essex'. No evidence was found that Southend, Thurrock or NHS bodies can call off it. The only Southend mention is a supplier address.",10614155,Supported Living Framework 2020,01/03/2021,verified (existing data),,Homecare provider that also offers supported living/accommodation
Kingswood Care Services Limited,https://www.kingswoodcare.co.uk/,Contact form: https://www.kingswoodcare.co.uk/contact-us,Supported Living Framework 2020,Essex County Council,Essex County Council,"Essex County Council is the only contracting authority on every notice: CF a7a5f792 (Supported Living Framework 2020, £345m, 1 Mar 2021 - 28 Feb 2025, 80 providers), the FTS 009152-2021 reopening, and the Essex Provider Hub page. None of them names Southend-on-Sea City Council, Thurrock Council, NHS bodies or CCGs/ICBs as users. The wording is 'all new placements made by the Council' and 'for all new referrals of adults into supported living services within Essex'. No evidence was found that Southend, Thurrock or NHS bodies can call off it. The only Southend mention is a supplier address.",3566908,Supported Living Framework 2020,01/03/2021,verified (existing data),Supported living contract over £10m - includes housing,
L&Q Living,https://www.lqgroup.org.uk/your-home/landq-living,Contact form: https://www.lqgroup.org.uk/contact-us,Supported Living Framework 2020,Essex County Council,Essex County Council,"Essex County Council is the only contracting authority on every notice: CF a7a5f792 (Supported Living Framework 2020, £345m, 1 Mar 2021 - 28 Feb 2025, 80 providers), the FTS 009152-2021 reopening, and the Essex Provider Hub page. None of them names Southend-on-Sea City Council, Thurrock Council, NHS bodies or CCGs/ICBs as users. The wording is 'all new placements made by the Council' and 'for all new referrals of adults into supported living services within Essex'. No evidence was found that Southend, Thurrock or NHS bodies can call off it. The only Southend mention is a supplier address.",,Supported Living Framework 2020,01/03/2021,web research (medium),"L&Q Living is part of L&Q Group and has no separate site. The only email on its page is recruitment@lq-living.co.uk (jobs only), so it was not used. The group contact page has a phone number and forms, with no general email.; Supported living contract over £10m - includes housing",
LEONARD CHESHIRE DISABILITY,https://www.leonardcheshire.org/,info@leonardcheshire.org,Supported Living Framework 2020,Essex County Council,Essex County Council,"Essex County Council is the only contracting authority on every notice: CF a7a5f792 (Supported Living Framework 2020, £345m, 1 Mar 2021 - 28 Feb 2025, 80 providers), the FTS 009152-2021 reopening, and the Essex Provider Hub page. None of them names Southend-on-Sea City Council, Thurrock Council, NHS bodies or CCGs/ICBs as users. The wording is 'all new placements made by the Council' and 'for all new referrals of adults into supported living services within Essex'. No evidence was found that Southend, Thurrock or NHS bodies can call off it. The only Southend mention is a supplier address.",00552847,Supported Living Framework 2020,01/03/2021,verified (existing data),Supported living contract over £10m - includes housing,
Livability,https://www.shaftesburygroup.org/,info@shaftesburygroup.org,Supported Living Framework 2020,Essex County Council,Essex County Council,"Essex County Council is the only contracting authority on every notice: CF a7a5f792 (Supported Living Framework 2020, £345m, 1 Mar 2021 - 28 Feb 2025, 80 providers), the FTS 009152-2021 reopening, and the Essex Provider Hub page. None of them names Southend-on-Sea City Council, Thurrock Council, NHS bodies or CCGs/ICBs as users. The wording is 'all new placements made by the Council' and 'for all new referrals of adults into supported living services within Essex'. No evidence was found that Southend, Thurrock or NHS bodies can call off it. The only Southend mention is a supplier address.",05967087,Supported Living Framework 2020,01/03/2021,web research (high),"Shaftesbury is the operating name of Livability (confirmed in the site footer); livability.org.uk redirects there. The existing email was correct; the website was a Northern Ireland service page, replaced with the homepage. services@shaftesburygroup.org is also listed.; Supported living contract over £10m - includes housing",
LIVING AMBITIONS LIMITED,https://lifeways.co.uk/,marketing@lifeways.co.uk,Supported Living Framework 2020,Essex County Council,Essex County Council,"Essex County Council is the only contracting authority on every notice: CF a7a5f792 (Supported Living Framework 2020, £345m, 1 Mar 2021 - 28 Feb 2025, 80 providers), the FTS 009152-2021 reopening, and the Essex Provider Hub page. None of them names Southend-on-Sea City Council, Thurrock Council, NHS bodies or CCGs/ICBs as users. The wording is 'all new placements made by the Council' and 'for all new referrals of adults into supported living services within Essex'. No evidence was found that Southend, Thurrock or NHS bodies can call off it. The only Southend mention is a supplier address.",02622175,Supported Living Framework 2020,01/03/2021,web research (medium),Living Ambitions is part of the Lifeways Group. The contact page lists only marketing@ (for public/non-media enquiries) and press@ (media); there is no general or referrals email. dpo@ was a data-protection address.; Supported living contract over £10m - includes housing,
Lorablooms Care Services Limited,https://www.bloomscare.uk/,admin@bloomscare.uk,Supported Living Framework 2020,Essex County Council,Essex County Council,"Essex County Council is the only contracting authority on every notice: CF a7a5f792 (Supported Living Framework 2020, £345m, 1 Mar 2021 - 28 Feb 2025, 80 providers), the FTS 009152-2021 reopening, and the Essex Provider Hub page. None of them names Southend-on-Sea City Council, Thurrock Council, NHS bodies or CCGs/ICBs as users. The wording is 'all new placements made by the Council' and 'for all new referrals of adults into supported living services within Essex'. No evidence was found that Southend, Thurrock or NHS bodies can call off it. The only Southend mention is a supplier address.",11352415,Supported Living Framework 2020,01/03/2021,verified (existing data),,Homecare provider that also offers supported living/accommodation
Maison Care Limited,http://www.maisoncare.co.uk/,info@maisoncare.co.uk,Supported Living Framework 2020,Essex County Council,Essex County Council,"Essex County Council is the only contracting authority on every notice: CF a7a5f792 (Supported Living Framework 2020, £345m, 1 Mar 2021 - 28 Feb 2025, 80 providers), the FTS 009152-2021 reopening, and the Essex Provider Hub page. None of them names Southend-on-Sea City Council, Thurrock Council, NHS bodies or CCGs/ICBs as users. The wording is 'all new placements made by the Council' and 'for all new referrals of adults into supported living services within Essex'. No evidence was found that Southend, Thurrock or NHS bodies can call off it. The only Southend mention is a supplier address.",07952107,Supported Living Framework 2020,01/03/2021,verified (existing data),Supported living contract over £10m - includes housing,
METROPOLITAN HOUSING TRUST LIMITED,https://www.metropolitan.org.uk,customerservices@metropolitan.org.uk,Supported Living Framework 2020,Essex County Council,Essex County Council,"Essex County Council is the only contracting authority on every notice: CF a7a5f792 (Supported Living Framework 2020, £345m, 1 Mar 2021 - 28 Feb 2025, 80 providers), the FTS 009152-2021 reopening, and the Essex Provider Hub page. None of them names Southend-on-Sea City Council, Thurrock Council, NHS bodies or CCGs/ICBs as users. The wording is 'all new placements made by the Council' and 'for all new referrals of adults into supported living services within Essex'. No evidence was found that Southend, Thurrock or NHS bodies can call off it. The only Southend mention is a supplier address.",IP16337R,Supported Living Framework 2020,01/03/2021,verified (existing data),Supported living contract over £10m - includes housing,
NAID CARE LIMITED,https://naidcare.co.uk/new/,Contact form: https://naidcare.co.uk/new/index.php/contact,Supported Living Framework 2020,Essex County Council,Essex County Council,"Essex County Council is the only contracting authority on every notice: CF a7a5f792 (Supported Living Framework 2020, £345m, 1 Mar 2021 - 28 Feb 2025, 80 providers), the FTS 009152-2021 reopening, and the Essex Provider Hub page. None of them names Southend-on-Sea City Council, Thurrock Council, NHS bodies or CCGs/ICBs as users. The wording is 'all new placements made by the Council' and 'for all new referrals of adults into supported living services within Essex'. No evidence was found that Southend, Thurrock or NHS bodies can call off it. The only Southend mention is a supplier address.",07545009,Supported Living Framework 2020,01/03/2021,web research (high),"Naidcare, 4 Nelson Street, Southend-on-Sea. The site offers a contact form only, with no email published.; Supported living contract over £10m - includes housing",
NEXT STEP SUPPORT LIMITED,http://www.nextstepsupport.co.uk/,admin@nextstepsupport.co.uk,Supported Living Framework 2020,Essex County Council,Essex County Council,"Essex County Council is the only contracting authority on every notice: CF a7a5f792 (Supported Living Framework 2020, £345m, 1 Mar 2021 - 28 Feb 2025, 80 providers), the FTS 009152-2021 reopening, and the Essex Provider Hub page. None of them names Southend-on-Sea City Council, Thurrock Council, NHS bodies or CCGs/ICBs as users. The wording is 'all new placements made by the Council' and 'for all new referrals of adults into supported living services within Essex'. No evidence was found that Southend, Thurrock or NHS bodies can call off it. The only Southend mention is a supplier address.",06848164,Supported Living Framework 2020,01/03/2021,verified (existing data),Supported living contract over £10m - includes housing,
Nexus Support Ltd,https://nationalcaregroup.com/service//nexus-wickford/,info@nationalcaregroup.com,Supported Living Framework 2020,Essex County Council,Essex County Council,"Essex County Council is the only contracting authority on every notice: CF a7a5f792 (Supported Living Framework 2020, £345m, 1 Mar 2021 - 28 Feb 2025, 80 providers), the FTS 009152-2021 reopening, and the Essex Provider Hub page. None of them names Southend-on-Sea City Council, Thurrock Council, NHS bodies or CCGs/ICBs as users. The wording is 'all new placements made by the Council' and 'for all new referrals of adults into supported living services within Essex'. No evidence was found that Southend, Thurrock or NHS bodies can call off it. The only Southend mention is a supplier address.",06733934,Supported Living Framework 2020,01/03/2021,web research (high),Nexus Support (Wickford) was acquired by National Care Group in 2023; nexus-support.org.uk now redirects to nationalcaregroup.com. The existing values were correct (group service page and group email).; Supported living contract over £10m - includes housing,
P.G.S Healthcare Limited,http://www.gphealthcareltd.com/,info@gphealthcareltd.com,Supported Living Framework 2020,Essex County Council,Essex County Council,"Essex County Council is the only contracting authority on every notice: CF a7a5f792 (Supported Living Framework 2020, £345m, 1 Mar 2021 - 28 Feb 2025, 80 providers), the FTS 009152-2021 reopening, and the Essex Provider Hub page. None of them names Southend-on-Sea City Council, Thurrock Council, NHS bodies or CCGs/ICBs as users. The wording is 'all new placements made by the Council' and 'for all new referrals of adults into supported living services within Essex'. No evidence was found that Southend, Thurrock or NHS bodies can call off it. The only Southend mention is a supplier address.",08670061,Supported Living Framework 2020,01/03/2021,verified (existing data),Supported living contract over £10m - includes housing,
Pathways Care and Support Services Limited,https://pathways-support.co.uk/,enquiries@pathways-support.uk,Supported Living Framework 2020,Essex County Council,Essex County Council,"Essex County Council is the only contracting authority on every notice: CF a7a5f792 (Supported Living Framework 2020, £345m, 1 Mar 2021 - 28 Feb 2025, 80 providers), the FTS 009152-2021 reopening, and the Essex Provider Hub page. None of them names Southend-on-Sea City Council, Thurrock Council, NHS bodies or CCGs/ICBs as users. The wording is 'all new placements made by the Council' and 'for all new referrals of adults into supported living services within Essex'. No evidence was found that Southend, Thurrock or NHS bodies can call off it. The only Southend mention is a supplier address.",11396645,Supported Living Framework 2020,01/03/2021,verified (existing data),Supported living contract over £10m - includes housing,
Pathways Care Group Limited t/a Clearwater Care - a Salutem Comp,https://www.salutemcareandeducation.co.uk/,enquiries@salutemsharedservices.co.uk,Supported Living Framework 2020,Essex County Council,Essex County Council,"Essex County Council is the only contracting authority on every notice: CF a7a5f792 (Supported Living Framework 2020, £345m, 1 Mar 2021 - 28 Feb 2025, 80 providers), the FTS 009152-2021 reopening, and the Essex Provider Hub page. None of them names Southend-on-Sea City Council, Thurrock Council, NHS bodies or CCGs/ICBs as users. The wording is 'all new placements made by the Council' and 'for all new referrals of adults into supported living services within Essex'. No evidence was found that Southend, Thurrock or NHS bodies can call off it. The only Southend mention is a supplier address.",5077107,Supported Living Framework 2020,01/03/2021,web research (high),"Pathways Care and Clearwater Care are part of Salutem Care & Education. The email is published on the Salutem contact page, so the existing values were correct. The legacy clearwatercare.co.uk no longer serves content.; Supported living contract over £10m - includes housing",
Peabody Trust,https://www.peabody.org.uk,supported.housing@peabody.org.uk,Supported Living Framework 2020,Essex County Council,Essex County Council,"Essex County Council is the only contracting authority on every notice: CF a7a5f792 (Supported Living Framework 2020, £345m, 1 Mar 2021 - 28 Feb 2025, 80 providers), the FTS 009152-2021 reopening, and the Essex Provider Hub page. None of them names Southend-on-Sea City Council, Thurrock Council, NHS bodies or CCGs/ICBs as users. The wording is 'all new placements made by the Council' and 'for all new referrals of adults into supported living services within Essex'. No evidence was found that Southend, Thurrock or NHS bodies can call off it. The only Southend mention is a supplier address.",,Supported Living Framework 2020,01/03/2021,verified (existing data),Supported living contract over £10m - includes housing,
PROVIDE COMMUNITY INTEREST COMPANY,https://providecommunity.org.uk/,provide.enquiries@nhs.net,Supported Living Framework 2020,Essex County Council,Essex County Council,"Essex County Council is the only contracting authority on every notice: CF a7a5f792 (Supported Living Framework 2020, £345m, 1 Mar 2021 - 28 Feb 2025, 80 providers), the FTS 009152-2021 reopening, and the Essex Provider Hub page. None of them names Southend-on-Sea City Council, Thurrock Council, NHS bodies or CCGs/ICBs as users. The wording is 'all new placements made by the Council' and 'for all new referrals of adults into supported living services within Essex'. No evidence was found that Southend, Thurrock or NHS bodies can call off it. The only Southend mention is a supplier address.",07320006,Supported Living Framework 2020,01/03/2021,web research (high),Existing values correct; the nhs.net email is published on Provide's own contact page.; Supported living contract over £10m - includes housing,
RADIANTLIFE LTD,https://radiantlife.co.uk/,No email published - contact page: https://radiantlife.co.uk/get-in-touch,Supported Living Framework 2020,Essex County Council,Essex County Council,"Essex County Council is the only contracting authority on every notice: CF a7a5f792 (Supported Living Framework 2020, £345m, 1 Mar 2021 - 28 Feb 2025, 80 providers), the FTS 009152-2021 reopening, and the Essex Provider Hub page. None of them names Southend-on-Sea City Council, Thurrock Council, NHS bodies or CCGs/ICBs as users. The wording is 'all new placements made by the Council' and 'for all new referrals of adults into supported living services within Essex'. No evidence was found that Southend, Thurrock or NHS bodies can call off it. The only Southend mention is a supplier address.",07627219,Supported Living Framework 2020,01/03/2021,web research (low),"RadiantLife Ltd runs Radiant Life Care, supported living at 183 Cherry Tree Lane, Rainham RM13 8TU. radiantlifeproperty.com is the group's property arm, not the care service. radiantlife.co.uk is the Radiant Life Holding group site listing Radiantlife Care, but its care subsite (care.radiantlife.co.uk) does not resolve and the get-in-touch page is 404. No email verified.; Supported living contract over £10m - includes housing",
Royal Mencap Society,https://www.mencap.org.uk,information@mencap.org.uk,Supported Living Framework 2020,Essex County Council,Essex County Council,"Essex County Council is the only contracting authority on every notice: CF a7a5f792 (Supported Living Framework 2020, £345m, 1 Mar 2021 - 28 Feb 2025, 80 providers), the FTS 009152-2021 reopening, and the Essex Provider Hub page. None of them names Southend-on-Sea City Council, Thurrock Council, NHS bodies or CCGs/ICBs as users. The wording is 'all new placements made by the Council' and 'for all new referrals of adults into supported living services within Essex'. No evidence was found that Southend, Thurrock or NHS bodies can call off it. The only Southend mention is a supplier address.",00550457,Supported Living Framework 2020,01/03/2021,verified (existing data),Supported living contract over £10m - includes housing,
Rumax Limited,https://www.ru-max.co.uk/,Enquiries@ru-max.co.uk,Supported Living Framework 2020,Essex County Council,Essex County Council,"Essex County Council is the only contracting authority on every notice: CF a7a5f792 (Supported Living Framework 2020, £345m, 1 Mar 2021 - 28 Feb 2025, 80 providers), the FTS 009152-2021 reopening, and the Essex Provider Hub page. None of them names Southend-on-Sea City Council, Thurrock Council, NHS bodies or CCGs/ICBs as users. The wording is 'all new placements made by the Council' and 'for all new referrals of adults into supported living services within Essex'. No evidence was found that Southend, Thurrock or NHS bodies can call off it. The only Southend mention is a supplier address.",7468421,Supported Living Framework 2020,01/03/2021,verified (existing data),,Homecare provider that also offers supported living/accommodation
St Christopher Homes Limited,https://www.stchristopherhomes.com/,info@stchristopherhomes.com,Supported Living Framework 2020,Essex County Council,Essex County Council,"Essex County Council is the only contracting authority on every notice: CF a7a5f792 (Supported Living Framework 2020, £345m, 1 Mar 2021 - 28 Feb 2025, 80 providers), the FTS 009152-2021 reopening, and the Essex Provider Hub page. None of them names Southend-on-Sea City Council, Thurrock Council, NHS bodies or CCGs/ICBs as users. The wording is 'all new placements made by the Council' and 'for all new referrals of adults into supported living services within Essex'. No evidence was found that Southend, Thurrock or NHS bodies can call off it. The only Southend mention is a supplier address.",08508648,Supported Living Framework 2020,01/03/2021,verified (existing data),Supported living contract over £10m - includes housing,"homecare and housing both on homepage (homecare 5, housing 13)"
St Elizabeth's Centre,https://www.stelizabeths.org.uk/,enquiries@stelizabeths.org.uk,Supported Living Framework 2020,Essex County Council,Essex County Council,"Essex County Council is the only contracting authority on every notice: CF a7a5f792 (Supported Living Framework 2020, £345m, 1 Mar 2021 - 28 Feb 2025, 80 providers), the FTS 009152-2021 reopening, and the Essex Provider Hub page. None of them names Southend-on-Sea City Council, Thurrock Council, NHS bodies or CCGs/ICBs as users. The wording is 'all new placements made by the Council' and 'for all new referrals of adults into supported living services within Essex'. No evidence was found that Southend, Thurrock or NHS bodies can call off it. The only Southend mention is a supplier address.",11087989,Supported Living Framework 2020,01/03/2021,verified (existing data),Supported living contract over £10m - includes housing,
SUMMERCARE LIMITED,http://summercare.org/,contact@summercare.org,Supported Living Framework 2020,Essex County Council,Essex County Council,"Essex County Council is the only contracting authority on every notice: CF a7a5f792 (Supported Living Framework 2020, £345m, 1 Mar 2021 - 28 Feb 2025, 80 providers), the FTS 009152-2021 reopening, and the Essex Provider Hub page. None of them names Southend-on-Sea City Council, Thurrock Council, NHS bodies or CCGs/ICBs as users. The wording is 'all new placements made by the Council' and 'for all new referrals of adults into supported living services within Essex'. No evidence was found that Southend, Thurrock or NHS bodies can call off it. The only Southend mention is a supplier address.",03487592,Supported Living Framework 2020,01/03/2021,verified (existing data),Supported living contract over £10m - includes housing,
T Bot Care Dynamics Ltd,https://www.tbotcaredynamics.co.uk/,info@tbotcaredynamics.co.uk,Supported Living Framework 2020,Essex County Council,Essex County Council,"Essex County Council is the only contracting authority on every notice: CF a7a5f792 (Supported Living Framework 2020, £345m, 1 Mar 2021 - 28 Feb 2025, 80 providers), the FTS 009152-2021 reopening, and the Essex Provider Hub page. None of them names Southend-on-Sea City Council, Thurrock Council, NHS bodies or CCGs/ICBs as users. The wording is 'all new placements made by the Council' and 'for all new referrals of adults into supported living services within Essex'. No evidence was found that Southend, Thurrock or NHS bodies can call off it. The only Southend mention is a supplier address.",09100882,Supported Living Framework 2020,01/03/2021,verified (existing data),Supported living contract over £10m - includes housing,"homecare and housing both on homepage (homecare 11, housing 12)"
THE REGARD PARTNERSHIP LIMITED,https://www.achievetogether.co.uk/,info@achievetogether.co.uk,Supported Living Framework 2020,Essex County Council,Essex County Council,"Essex County Council is the only contracting authority on every notice: CF a7a5f792 (Supported Living Framework 2020, £345m, 1 Mar 2021 - 28 Feb 2025, 80 providers), the FTS 009152-2021 reopening, and the Essex Provider Hub page. None of them names Southend-on-Sea City Council, Thurrock Council, NHS bodies or CCGs/ICBs as users. The wording is 'all new placements made by the Council' and 'for all new referrals of adults into supported living services within Essex'. No evidence was found that Southend, Thurrock or NHS bodies can call off it. The only Southend mention is a supplier address.",03153442,Supported Living Framework 2020,01/03/2021,web research (medium),The Regard Partnership merged with CMG in 2018 to form Achieve Together; regard.co.uk is defunct ('This site doesn't exist here'). The existing values were a Surrey council directory. referrals@achievetogether.co.uk is also on the contact page.; Supported living contract over £10m - includes housing,"homecare and housing both on homepage (homecare 4, housing 8)"
Thera East,https://www.thera.co.uk/,info@thera.co.uk,Supported Living Framework 2020,Essex County Council,Essex County Council,"Essex County Council is the only contracting authority on every notice: CF a7a5f792 (Supported Living Framework 2020, £345m, 1 Mar 2021 - 28 Feb 2025, 80 providers), the FTS 009152-2021 reopening, and the Essex Provider Hub page. None of them names Southend-on-Sea City Council, Thurrock Council, NHS bodies or CCGs/ICBs as users. The wording is 'all new placements made by the Council' and 'for all new referrals of adults into supported living services within Essex'. No evidence was found that Southend, Thurrock or NHS bodies can call off it. The only Southend mention is a supplier address.",6795987,Supported Living Framework 2020,01/03/2021,web research (medium),"Thera East (CH 06795987, company limited by guarantee) is part of the Thera Trust group. The former Thera East Anglia company page now returns 404, so the group homepage and group email are used.; Supported living contract over £10m - includes housing",
TLC CARE HOMES LTD,https://ivolve.care/,enquiries@ivolve.care,Supported Living Framework 2020,Essex County Council,Essex County Council,"Essex County Council is the only contracting authority on every notice: CF a7a5f792 (Supported Living Framework 2020, £345m, 1 Mar 2021 - 28 Feb 2025, 80 providers), the FTS 009152-2021 reopening, and the Essex Provider Hub page. None of them names Southend-on-Sea City Council, Thurrock Council, NHS bodies or CCGs/ICBs as users. The wording is 'all new placements made by the Council' and 'for all new referrals of adults into supported living services within Essex'. No evidence was found that Southend, Thurrock or NHS bodies can call off it. The only Southend mention is a supplier address.",3193730,Supported Living Framework 2020,01/03/2021,web research (high),TLC Care Homes / TLC Care and Support rebranded as ivolve Care & Support (Jan 2023); the CH registered office is the ivolve Chesterfield address. tlccare.co.uk / tlccareservices.co.uk are not current. referrals@ivolve.care is also listed.; Supported living contract over £10m - includes housing,
TRANSFORM SUPPORTED ACCOMMODATION LTD,http://transformsa.co/,info@transformsa.co,Supported Living Framework 2020,Essex County Council,Essex County Council,"Essex County Council is the only contracting authority on every notice: CF a7a5f792 (Supported Living Framework 2020, £345m, 1 Mar 2021 - 28 Feb 2025, 80 providers), the FTS 009152-2021 reopening, and the Essex Provider Hub page. None of them names Southend-on-Sea City Council, Thurrock Council, NHS bodies or CCGs/ICBs as users. The wording is 'all new placements made by the Council' and 'for all new referrals of adults into supported living services within Essex'. No evidence was found that Southend, Thurrock or NHS bodies can call off it. The only Southend mention is a supplier address.",11398364,Supported Living Framework 2020,01/03/2021,verified (existing data),Supported living contract over £10m - includes housing,"homecare and housing both on homepage (homecare 7, housing 9)"
Valorum Care Group t/a Adjuvo Care and Support,https://www.valorumcaregroup.com/,info@valorumcaregroup.com,Supported Living Framework 2020,Essex County Council,Essex County Council,"Essex County Council is the only contracting authority on every notice: CF a7a5f792 (Supported Living Framework 2020, £345m, 1 Mar 2021 - 28 Feb 2025, 80 providers), the FTS 009152-2021 reopening, and the Essex Provider Hub page. None of them names Southend-on-Sea City Council, Thurrock Council, NHS bodies or CCGs/ICBs as users. The wording is 'all new placements made by the Council' and 'for all new referrals of adults into supported living services within Essex'. No evidence was found that Southend, Thurrock or NHS bodies can call off it. The only Southend mention is a supplier address.",9983581,Supported Living Framework 2020,01/03/2021,verified (existing data),Supported living contract over £10m - includes housing,
VERITY HEALTHCARE LIMITED,https://verityhealthcare.co.uk/,info@verityhealthcare.co.uk,Supported Living Framework 2020,Essex County Council,Essex County Council,"Essex County Council is the only contracting authority on every notice: CF a7a5f792 (Supported Living Framework 2020, £345m, 1 Mar 2021 - 28 Feb 2025, 80 providers), the FTS 009152-2021 reopening, and the Essex Provider Hub page. None of them names Southend-on-Sea City Council, Thurrock Council, NHS bodies or CCGs/ICBs as users. The wording is 'all new placements made by the Council' and 'for all new referrals of adults into supported living services within Essex'. No evidence was found that Southend, Thurrock or NHS bodies can call off it. The only Southend mention is a supplier address.",07462140,Supported Living Framework 2020,01/03/2021,verified (existing data),,Homecare provider that also offers supported living/accommodation
VIBRANCE,https://certitude.org.uk/,Contact form: https://certitude.org.uk/contact,Supported Living Framework 2020,Essex County Council,Essex County Council,"Essex County Council is the only contracting authority on every notice: CF a7a5f792 (Supported Living Framework 2020, £345m, 1 Mar 2021 - 28 Feb 2025, 80 providers), the FTS 009152-2021 reopening, and the Essex Provider Hub page. None of them names Southend-on-Sea City Council, Thurrock Council, NHS bodies or CCGs/ICBs as users. The wording is 'all new placements made by the Council' and 'for all new referrals of adults into supported living services within Essex'. No evidence was found that Southend, Thurrock or NHS bodies can call off it. The only Southend mention is a supplier address.",08466095,Supported Living Framework 2020,01/03/2021,web research (medium),"vibrance.org.uk hosting is suspended. After Vibrance entered administration, Certitude Support bought its business and assets, and Vibrance's own notice redirected queries to Certitude (queries@certitude.org.uk), but that address could not be verified on Certitude's site. The existing BDO email belonged to the administrators. The Certitude contact page offers a form and phone (020 8772 6222).; Supported living contract over £10m - includes housing",
VITAL HEALTHCARE SERVICES LIMITED,http://www.vitalhealthcare.co.uk/,info@vitalhealthcare.co.uk,Supported Living Framework 2020,Essex County Council,Essex County Council,"Essex County Council is the only contracting authority on every notice: CF a7a5f792 (Supported Living Framework 2020, £345m, 1 Mar 2021 - 28 Feb 2025, 80 providers), the FTS 009152-2021 reopening, and the Essex Provider Hub page. None of them names Southend-on-Sea City Council, Thurrock Council, NHS bodies or CCGs/ICBs as users. The wording is 'all new placements made by the Council' and 'for all new referrals of adults into supported living services within Essex'. No evidence was found that Southend, Thurrock or NHS bodies can call off it. The only Southend mention is a supplier address.",06595271,Supported Living Framework 2020,01/03/2021,verified (existing data),Supported living contract over £10m - includes housing,"homecare and housing both on homepage (homecare 3, housing 7)"
VOYAGE 1 LIMITED,https://www.voyagecare.com,referrals@voyagecare.com,Supported Living Framework 2020,Essex County Council,Essex County Council,"Essex County Council is the only contracting authority on every notice: CF a7a5f792 (Supported Living Framework 2020, £345m, 1 Mar 2021 - 28 Feb 2025, 80 providers), the FTS 009152-2021 reopening, and the Essex Provider Hub page. None of them names Southend-on-Sea City Council, Thurrock Council, NHS bodies or CCGs/ICBs as users. The wording is 'all new placements made by the Council' and 'for all new referrals of adults into supported living services within Essex'. No evidence was found that Southend, Thurrock or NHS bodies can call off it. The only Southend mention is a supplier address.",02215899,Supported Living Framework 2020,01/03/2021,verified (existing data),Supported living contract over £10m - includes housing,
Your Life Care Solutions,https://www.yourlifecaresolutions.co.uk/,info@yourlifecaresolutions.co.uk,Supported Living Framework 2020,Essex County Council,Essex County Council,"Essex County Council is the only contracting authority on every notice: CF a7a5f792 (Supported Living Framework 2020, £345m, 1 Mar 2021 - 28 Feb 2025, 80 providers), the FTS 009152-2021 reopening, and the Essex Provider Hub page. None of them names Southend-on-Sea City Council, Thurrock Council, NHS bodies or CCGs/ICBs as users. The wording is 'all new placements made by the Council' and 'for all new referrals of adults into supported living services within Essex'. No evidence was found that Southend, Thurrock or NHS bodies can call off it. The only Southend mention is a supplier address.",07710840,Supported Living Framework 2020,01/03/2021,verified (existing data),Supported living contract over £10m - includes housing,
Zero Three Care LLP,https://zerothreecarehomes.co.uk/,admin@zerothreecarehomes.co.uk,Supported Living Framework 2020,Essex County Council,Essex County Council,"Essex County Council is the only contracting authority on every notice: CF a7a5f792 (Supported Living Framework 2020, £345m, 1 Mar 2021 - 28 Feb 2025, 80 providers), the FTS 009152-2021 reopening, and the Essex Provider Hub page. None of them names Southend-on-Sea City Council, Thurrock Council, NHS bodies or CCGs/ICBs as users. The wording is 'all new placements made by the Council' and 'for all new referrals of adults into supported living services within Essex'. No evidence was found that Southend, Thurrock or NHS bodies can call off it. The only Southend mention is a supplier address.",04915571,Supported Living Framework 2020,01/03/2021,web research (medium),"CH 04915571 was Zero Three Care Limited, renamed Sainte Devote Ltd and dissolved May 2023. The Essex LD services continue as Zero Three Care Homes LLP (OC308106), sold to Sky Care Homes. The contact page also shows info@zerothreecarehome.co.uk, a different domain spelling.; Supported living contract over £10m - includes housing",
Thames Reach,https://thamesreach.org.uk/,enquiries@thamesreach.org.uk,Rough Sleeper Pathway,Greenwich,Greenwich,commissioning council only,,50714942-d64f-49b7-ae76-b5120c72ad50,2022-08-26,web research (high),"Contracts Finder harvest: Rule 3: single supplier but borough rough sleeper pathway incl. assessment bedspaces and Housing First; London homelessness charity (outreach, hostels, supported housing), SE5.",
Centrepoint Soho,https://www.centrepoint.org,info@centrepoint.org,Young People Supported Housing Pathway,Greenwich,Greenwich,commissioning council only,,97418caa-4d15-4f3d-99dc-18985e051a55,2019-07-08,verified (existing data),"Contracts Finder harvest: Rules 1-3: young people's supported housing pathway (accommodation lots), multi-supplier",
Single Homeless Project,https://www.shp.org.uk/,info@shp.org.uk,Young People Supported Housing Pathway,Greenwich,Greenwich,commissioning council only,,97418caa-4d15-4f3d-99dc-18985e051a55,2019-07-08,verified (existing data),"Contracts Finder harvest: Rules 1-3: young people's supported housing pathway (accommodation lots), multi-supplier",
Single Homeless Project,https://www.shp.org.uk/,info@shp.org.uk,Accelerated Rough Sleepers Accommodation Pathway,Hackney,Hackney,Commissioning council only - no participating authorities named in the notice,,HACK001-DN603619-63596416,14/02/2022,verified (existing data),Single-award contract kept: rough sleepers accommodation pathway,
Single Homeless Project,https://www.shp.org.uk/,info@shp.org.uk,Covid19 Accelerated SHRS Pathway,Hackney,Hackney,Commissioning council only - no participating authorities named in the notice,,HACK001-DN488547-89844638,22/07/2020,verified (existing data),Single-award contract kept: accelerated supported housing pathway,
Hestia Housing & Support,https://www.hestia.org,info@hestia.org,Domestic Abuse Refuge Accommodation Based Services,Hackney,Hackney,Commissioning council only - no participating authorities named in the notice,,HACK001-DN696404-54294390,15/07/2024,verified (existing data),Single-award contract kept: domestic abuse refuge accommodation services,
Hestia Housing and Support,https://www.hestia.org,info@hestia.org,Domestic Violence Accommodation Based Services,Hackney,Hackney,Commissioning council only - no participating authorities named in the notice,,HACK001-DN485508-46067175,25/06/2020,verified (existing data),,
Refuge,https://refuge.org.uk/,esther_edmund@refuge.org.uk,Domestic Violence Accommodation Based Services,Hackney,Hackney,Commissioning council only - no participating authorities named in the notice,,HACK001-DN485508-46067175,25/06/2020,verified (existing data),,
One Housing Group,https://www.riverside.org.uk/,info@riverside.org.uk,HOUSING RELATED SUPPORT (for young people),Hackney,Hackney,Commissioning council only - no participating authorities named in the notice,,HACK001-DN434121-35270050,02/09/2019,web research (medium),One Housing merged into Riverside; same details as other One Housing rows,
Outward housing,https://www.outward.org.uk/,info@outward.org.uk,HOUSING RELATED SUPPORT (for young people),Hackney,Hackney,Commissioning council only - no participating authorities named in the notice,,HACK001-DN434121-35270050,02/09/2019,verified (existing data),,
St Mungo Community Housing Association,https://www.mungos.org,info@mungos.org,Housing First in Hackney,Hackney,Hackney,Commissioning council only - no participating authorities named in the notice,,HACK001-DN387335-37008954,04/02/2020,verified (existing data),Single-award contract kept: Housing First - dispersed independent tenancies,
Causeway Irish,https://www.irishcauseway.org.uk/,info@irishcauseway.org.uk,Provision of Young People's Supported Accommodation Pathway - Tender,Hackney,Hackney,Commissioning council only - no participating authorities named in the notice,,HACK001-DN516796-98507396,11/01/2022,web research (medium),"Same organisation as Causeway Irish Housing Association (Haringey, N17). info@irishcauseway.org.uk is on the org's own domain, is the address search results attribute to its contact page, and matches Crisis, Turn2Us and Consortium LGBT listings. The site blocked direct fetching (bot challenge), so it was not seen first-hand.",
One Housing,https://www.riverside.org.uk/,info@riverside.org.uk,Provision of Young People's Supported Accommodation Pathway - Tender,Hackney,Hackney,Commissioning council only - no participating authorities named in the notice,,HACK001-DN516796-98507396,11/01/2022,web research (medium),"One Housing Group merged into The Riverside Group (onehousing.co.uk now 'Riverside formerly One Housing'), so a riverside.org.uk address is legitimate. Search results for Riverside's own 'How to contact Riverside' page give info@riverside.org.uk as the general email; the site returned 403 to direct fetches. The existing ask@riverside.org.uk could not be verified and was replaced.",
Outward Housing (Trading as Outward),https://www.outward.org.uk/,info@outward.org.uk,Provision of Young People's Supported Accommodation Pathway - Tender,Hackney,Hackney,Commissioning council only - no participating authorities named in the notice,,HACK001-DN516796-98507396,11/01/2022,verified (existing data),,
Centrepoint Soho,https://www.centrepoint.org,info@centrepoint.org,Semi-independent living for young people,Hammersmith and Fulham,Hammersmith and Fulham,Commissioning council only - no participating authorities named in the notice,,tender_457152/1439044,23/12/2024,verified (existing data),Single-award contract kept: 132-135 bedspaces across 15 sites,
ONE HOUSING GROUP LIMITED,https://www.riverside.org.uk/,info@riverside.org.uk,"Extra Care Block Contract - 142 units at Prothero House, Lorenco House and Roden Court (notice titled Provision of Intermediate Care Nursing Beds)",Haringey,Haringey,commissioning council only,,4f09cc28-84f3-4504-a6a7-39e6038c87f9,2020-07-07,web research (medium),Contracts Finder harvest: Rule 3: single supplier but 142 extra care units in 3 schemes where provider is landlord (assured tenancies); One Housing merged into Riverside; same details as other One Housing rows,
Causeway Irish Housing Association,https://www.irishcauseway.org.uk/,info@irishcauseway.org.uk,Housing Related Support - Mental Health Pathway Services,Haringey,Haringey,Commissioning council only - no participating authorities named in the notice,,HRS - Mental Health Pathway,27/10/2022,web research (medium),"Same as 'Causeway Irish'. Email on own domain, per search results for the contact page and several third-party listings; site bot-blocked direct verification.",
Metropolitan Housing Trust Limited T/A Metropolitan Thames Valle,https://www.mtvh.co.uk/,Contact form: https://www.mtvh.co.uk/contact-us/,Housing Related Support - Mental Health Pathway Services,Haringey,Haringey,Commissioning council only - no participating authorities named in the notice,,HRS - Mental Health Pathway,27/10/2022,web research (high),"Website correct: Metropolitan Housing Trust trades as Metropolitan Thames Valley Housing (MTVH). The only published email, communications@mtvh.co.uk, is labelled for journalists, so it was left blank. General enquiries go through category contact forms or 0203 535 3535.",
Peabody Trust,https://www.peabody.org.uk,supported.housing@peabody.org.uk,Housing Related Support - Mental Health Pathway Services,Haringey,Haringey,Commissioning council only - no participating authorities named in the notice,,HRS - Mental Health Pathway,27/10/2022,verified (existing data),,
ST MUNGO COMMUNITY HOUSING ASSOCIATION,https://www.mungos.org,info@mungos.org,Housing Related Support - Mental Health Pathway Services,Haringey,Haringey,Commissioning council only - no participating authorities named in the notice,08225808,HRS - Mental Health Pathway,27/10/2022,verified (existing data),,
One Housing Group,https://www.riverside.org.uk/,info@riverside.org.uk,Pathway Phase 3 - Short term supported Housing,Haringey,Haringey,Commissioning council only - no participating authorities named in the notice,,BIP172002610,09/10/2015,web research (medium),One Housing merged into Riverside; same details as other One Housing rows,
Sanctuary Housing Association,https://www.sanctuary.co.uk/,Contact form: https://www.sanctuary.co.uk/contact-us,Pathway Phase 3 - Short term supported Housing,Haringey,Haringey,Commissioning council only - no participating authorities named in the notice,,BIP172002610,09/10/2015,web research (high),Existing scotland.sanctuary.co.uk is only the Scottish arm; using the main group site. The only emails published are pr@sanctuary-housing.co.uk (press) and a research agency address; general enquiries go through the contact form. For supported living see sanctuary-supported-living.co.uk (same group as Sanctuary Home Care t/a Sanctuary Supported Living).,
St Mungos Community Housing Association,https://www.mungos.org/our-services/accommodation/,info@mungos.org,Pathway Phase 3 - Short term supported Housing,Haringey,Haringey,Commissioning council only - no participating authorities named in the notice,,BIP172002610,09/10/2015,verified (existing data),,
The Richmond Fellowship Ltd.,https://www.richmondfellowship.org.uk,enquiries@richmondfellowship.org.uk,Pathway Phase 3 - Short term supported Housing,Haringey,Haringey,Commissioning council only - no participating authorities named in the notice,,BIP172002610,09/10/2015,verified (existing data),,
Causeway Irish Housing Association,https://www.irishcauseway.org.uk/,info@irishcauseway.org.uk,Provision of Housing Related Support - Single Homeless Pathway Services,Haringey,Haringey,Commissioning council only - no participating authorities named in the notice,,Provision of Housing Related Support - Single Homeless Pathway Services,30/12/2021,web research (medium),"Same as 'Causeway Irish'. Email on own domain, per search results for the contact page and several third-party listings; site bot-blocked direct verification.",
DEPAUL UK,https://www.depaul.org.uk/,depaul@depaulcharity.org.uk,Provision of Housing Related Support - Single Homeless Pathway Services,Haringey,Haringey,Commissioning council only - no participating authorities named in the notice,02440093,Provision of Housing Related Support - Single Homeless Pathway Services,30/12/2021,web research (high),Email published on depaul.org.uk/contact-us,
St Mungo'S,https://www.mungos.org,info@mungos.org,Provision of Housing Related Support - Single Homeless Pathway Services,Haringey,Haringey,Commissioning council only - no participating authorities named in the notice,,Provision of Housing Related Support - Single Homeless Pathway Services,30/12/2021,verified (existing data),,
Causeway Irish Housing Association,https://www.irishcauseway.org.uk/,info@irishcauseway.org.uk,Provision of a Young People's Supported Housing Pathway,Haringey,Haringey,commissioning council only,,363629f8-a034-4744-9f66-a03b1c6756e5,2019-02-14,web research (medium),"Contracts Finder harvest: Rules 1-3: young people's supported housing pathway incl. assessment centre and Housing First, 3 suppliers; Same as 'Causeway Irish'. Email on own domain, per search results for the contact page and several third-party listings; site bot-blocked direct verification.",
Centrepoint Soho,https://www.centrepoint.org,info@centrepoint.org,Provision of a Young People's Supported Housing Pathway,Haringey,Haringey,commissioning council only,,363629f8-a034-4744-9f66-a03b1c6756e5,2019-02-14,verified (existing data),"Contracts Finder harvest: Rules 1-3: young people's supported housing pathway incl. assessment centre and Housing First, 3 suppliers",
Christian Action (Enfield) Housing Association Ltd,https://www.christianaction.org.uk/,info@christianaction.org.uk,Provision of a Young People's Supported Housing Pathway,Haringey,Haringey,commissioning council only,,363629f8-a034-4744-9f66-a03b1c6756e5,2019-02-14,web research (high),"Contracts Finder harvest: Rules 1-3: young people's supported housing pathway incl. assessment centre and Housing First, 3 suppliers; Single-award contract kept: young persons accommodation pathway; Site footer confirms Christian Action (Enfield) Housing Association Limited, society reg 23577R. Benedict House, 61 Island Centre Way, Enfield EN3 6GS.",
St Mungo Community Housing Association,https://www.mungos.org,info@mungos.org,Rough Sleeping Housing First,Haringey,Haringey,commissioning council only,,a81b9ffe-bb7e-4c6a-bc65-9b996933d0da,2018-04-30,verified (existing data),"Contracts Finder harvest: Housing First, 5 spaces - dispersed tenancies (rule 1; rule 3 dispersed tenancies); Single-award contract kept: supported living service across south Camden (pathway)",
Affinia Healthcare Limited,http://affiniahealthcareltd.co.uk/,info@affiniahealthcare.co.uk,LB Havering Complex Placements Framework -,Havering,Havering,Commissioning council only - no participating authorities named in the notice,08044246,ITTH39,10/01/2022,web research (high),"CH 08044246 active, 11 Magnolia Court, 31 Mawney Road, Romford RM7 7HL - same address on site contact page. Existing website correct. Email domain differs from web domain (affiniahealthcare.co.uk) but it is the address published on the contact page.",
All4One Care Services Limited,https://www.all4onecareservices.co.uk/,info@all4onecareservices.co.uk,LB Havering Complex Placements Framework -,Havering,Havering,Commissioning council only - no participating authorities named in the notice,,ITTH65,10/10/2022,web research (high),"CH 13666845, Office 4, 9a High Street, Ingatestone CM4 9ED, tel 01708 987738 (Romford code) - matches site header.",
Arthur Morrison Ltd,https://arthurmorrisoncare.com/,info@amcareservices.co.uk,LB Havering Complex Placements Framework -,Havering,Havering,Commissioning council only - no participating authorities named in the notice,,ITTH88,03/03/2023,web research (medium),"amcs.ltd redirects to Arthur Morrison Care Services (AMCS), supported living in Ilford/Barking (IG11). ARTHUR MORRISON LTD is CH 11008058 (Erith). The legal name is not stated on the site, so the link is inferred from the name, AMCS redirect and area. Existing email confirmed on site.","homecare and housing both on homepage (homecare 10, housing 29)"
BeTo Solutions Ltd,https://jollyhouse.co.uk/,jlamb@betosolutions.co.uk,LB Havering Complex Placements Framework -,Havering,Havering,Commissioning council only - no participating authorities named in the notice,,ITTH65,10/10/2022,web research (medium),"BeTo Solutions Ltd (CH 09458986, 116 Lake Rise, Romford RM1 4EE) runs supported living at Jolly House and OpaLS House; jollyhouse.co.uk is its site. The only email published is that of the registered manager, Julia Lamb (no generic address).",
Bridge Cross Care Ltd,https://bridgecrosscare.co.uk/,info@bridgecrosscare.co.uk,LB Havering Complex Placements Framework -,Havering,Havering,Commissioning council only - no participating authorities named in the notice,,ITTH88,03/03/2023,web research (medium),"WARNING: Companies House BRIDGE CROSS CARE LTD 07621433 (formerly Auximed Ltd) is IN LIQUIDATION; registered office moved to Devonshire House, Manor Way, Borehamwood WD6 1QQ (insolvency practitioner address); accounts and confirmation statement overdue. Website is the company's own (home care; head office Gunnery House, Royal Arsenal, London SE18 6SW per indexed site). Site is down (500). Consider whether this provider should remain listed.",
CERENE CARE LTD,https://cerenecare.com/,info@cerenecare.com,LB Havering Complex Placements Framework -,Havering,Havering,Commissioning council only - no participating authorities named in the notice,,ITTH71,10/10/2022,web research (high),"CH 12784330, Flat 2, 7 Coopers Lane SE12 0QA - same postcode on site. CQC-registered.",
Certified Healthcare Solutions Limited,https://certifiedcare.co.uk/,info@certifiedcare.co.uk,LB Havering Complex Placements Framework -,Havering,Havering,Commissioning council only - no participating authorities named in the notice,,ITTH78,13/02/2023,web research (high),"CH 12743732, 16 Roneo Corner, Hornchurch RM12 4TN - same postcode as the Certified Care site (home care in Havering). Existing website correct.",Homecare provider that also offers supported living/accommodation
Crystal Care Supported Living Limited,https://crystalcaresolutions.co.uk/,info@crystalcaresolutions.co.uk,LB Havering Complex Placements Framework -,Havering,Havering,Commissioning council only - no participating authorities named in the notice,,ITTH88,03/03/2023,verified (existing data),,
Homesdale Supported Living Ltd,https://www.homesdalesupportedliving.com/,info@homesdalesupportedliving.com,LB Havering Complex Placements Framework -,Havering,Havering,Commissioning council only - no participating authorities named in the notice,,ITTH78,13/02/2023,verified (existing data),,
Icube Dalpro Limited (T/A iCare Services Group),https://icareservicesgroup.co.uk/contact/,info@icareservicesgroup.co.uk,LB Havering Complex Placements Framework -,Havering,Havering,Commissioning council only - no participating authorities named in the notice,11721967,ITTH39,10/01/2022,verified (existing data),,
Lordam Support services,https://lordamservices.com/,info@lordamservices.com,LB Havering Complex Placements Framework -,Havering,Havering,Commissioning council only - no participating authorities named in the notice,,ITTH65,10/10/2022,web research (medium),"Lordam Support Services Ltd CH 13789912 (active, Chelmsford reg office; SIC 87200). Supported accommodation 18-65. Site offices Nottingham, placement Wembley. Referrals: referral@lordamservices.com. Havering link not independently confirmed.",
NATION HOME CARE LIMITED,https://nationhomecare.co.uk/,info@nationhomecare.co.uk,LB Havering Complex Placements Framework -,Havering,Havering,Commissioning council only - no participating authorities named in the notice,,ITTH88,03/03/2023,web research (high),"CH 12083815, East Lane Business Park, Wembley HA9 7NE - matches site contact page. Existing email correct.",Homecare provider that also offers supported living/accommodation
Platinum living care limited,https://www.platinumlivingcare.co.uk/,info@platinumlivingcare.co.uk,LB Havering Complex Placements Framework -,Havering,Havering,Commissioning council only - no participating authorities named in the notice,,ITTH65,10/10/2022,web research (medium),"CH 12827854 (active, Chatham). Office 119A Watling Street, Gillingham ME7 2YX. Young adult/older person supported care. Kent-based; Havering link not independently confirmed.",
Primrose Healthcare Solutions Services Limited,https://primrosehealthcaresolutions.co.uk/,info@primrosehealthcaresolutions.co.uk,LB Havering Complex Placements Framework -,Havering,Havering,Commissioning council only - no participating authorities named in the notice,,ITTH88,03/03/2023,verified (existing data),,
Rosebuds Supported Living Limited,https://www.rosebuds-supported-living.com/,info@rosebuds-supported-living.com,LB Havering Complex Placements Framework -,Havering,Havering,Commissioning council only - no participating authorities named in the notice,,ITTH71,10/10/2022,web research (high),"CH 13183645, Unit 5 Priory Works, Priory Avenue, Southend-on-Sea SS2 6LD - matches site. Only company with this name.",
Sendtivate CiC,https://sendtivate.co.uk/,info@sendtivate.co.uk,LB Havering Complex Placements Framework -,Havering,Havering,Commissioning council only - no participating authorities named in the notice,,ITTH65,10/10/2022,web research (high),"SENDTIVATE CIC CH 12945163 (active). Manor House Annex, Sidcup DA14 6BW. Site also shows sendtivate@gmail.com.",
SWOT CARE LTD,https://swotcareltd.com/,No email published - contact page: https://swotcareltd.com/contact-us/,LB Havering Complex Placements Framework -,Havering,Havering,Commissioning council only - no participating authorities named in the notice,12169082,ITTH39,10/01/2022,web research (medium),"CH 12169082 active (previous names SWOT CARE HOME LTD / SWOT RESIDENTIAL CARE HOME LTD), matching the 'SWOT Care Home' site; supported living in Basildon/Essex, office 1B Broadway Chambers, Pitsea SS13 3AS. The site blocks automated fetching (403), so no email could be verified.",
Team Motivate London ltd,https://www.teammotivate.co.uk/,tm@teammotivate.org.uk,LB Havering Complex Placements Framework -,Havering,Havering,Commissioning council only - no participating authorities named in the notice,,ITTH78,13/02/2023,verified (existing data),,
Teebollz Consulting Ltd,https://teebollzconsulting.co.uk/,info@teebollzconsulting.co.uk,LB Havering Complex Placements Framework -,Havering,Havering,Commissioning council only - no participating authorities named in the notice,,ITTH71,10/10/2022,web research (high),"Teebollz Consulting Limited CH 10467943, Dagenham-based, CQC-registered home care plus consultancy/training. Separate training site teebollzconsultingandtraining.co.uk not used.",
Transform Supported Accommodation Ltd.,http://transformsa.co/,info@transformsa.co,LB Havering Complex Placements Framework -,Havering,Havering,Commissioning council only - no participating authorities named in the notice,11398364,ITTH39,10/01/2022,verified (existing data),,"homecare and housing both on homepage (homecare 7, housing 9)"
Trinity Healthcare Plus,http://www.trinityhealthcareplus.com/,info@trinityhealthcareplus.com,LB Havering Complex Placements Framework -,Havering,Havering,Commissioning council only - no participating authorities named in the notice,,ITTH71,10/10/2022,verified (existing data),,"homecare and housing both on homepage (homecare 7, housing 7)"
Tuscawilla Care Group Ltd,https://tuscawillacaregroup.co.uk/,info@tuscawillacaregroup.co.uk,LB Havering Complex Placements Framework -,Havering,Havering,Commissioning council only - no participating authorities named in the notice,,ITTH71,10/10/2022,web research (medium),"CH 12265551, supported living provider, office Thamesmead SE28 / Crayford DA1 4SB. Email is shown as text on the contact page, but its mailto link points to an unrelated address (site error). Based in south-east London; only company with this name.",
COMMUNITY INTEGRATED CARE,https://www.c-i-c.co.uk,information@c-i-c.co.uk,LB Havering Complex Placements Framework - Round 14,Havering,Havering,commissioning council only,,1f61a7a6-9c86-414b-8b49-de556e35f441,2021-07-05,verified (existing data),"Contracts Finder harvest: Havering Complex Placements DPS: supported living (shared/self-contained accommodation) + residential care; multi-supplier, £100m (rule 1, rule 2 SL>£10m exception, rule 3 multi-supplier); Supported living contract over £10m - includes housing",
Dedicated Life Care Limited,https://www.dedicatedlifecare.com/,info@dedicatedlifecare.com,LB Havering Complex Placements Framework - Round 14,Havering,Havering,commissioning council only,,1f61a7a6-9c86-414b-8b49-de556e35f441,2021-07-05,web research (high),"Contracts Finder harvest: Havering Complex Placements DPS: supported living (shared/self-contained accommodation) + residential care; multi-supplier, £100m (rule 1, rule 2 SL>£10m exception, rule 3 multi-supplier); Supported living / care at home for adults with learning disabilities and autism in East/North London (Havering, Redbridge, Waltham Forest, Hackney, Enfield). Company 10723119, Barkingside. Email Cloudflare-obfuscated on contact page, decoded.",
Dimensions (UK) Limited,https://dimensions-uk.org/,enquiries@dimensions-uk.org,LB Havering Complex Placements Framework - Round 14,Havering,Havering,commissioning council only,,1f61a7a6-9c86-414b-8b49-de556e35f441,2021-07-05,verified (existing data),"Contracts Finder harvest: Havering Complex Placements DPS: supported living (shared/self-contained accommodation) + residential care; multi-supplier, £100m (rule 1, rule 2 SL>£10m exception, rule 3 multi-supplier)",
Home From Home Support Services Ltd,https://homefromhomesupport.co.uk/,info@homefromhomesupport.co.uk,LB Havering Complex Placements Framework - Round 14,Havering,Havering,commissioning council only,,1f61a7a6-9c86-414b-8b49-de556e35f441,2021-07-05,web research (high),"Contracts Finder harvest: Havering Complex Placements DPS: supported living (shared/self-contained accommodation) + residential care; multi-supplier, £100m (rule 1, rule 2 SL>£10m exception, rule 3 multi-supplier); Learning disability support / respite and supported living for adults under 65, Basildon (company 13176257). Homepage also shows info@homefromhome.co.uk (looks like a typo); used the contact-page address.",
Jankan Enterprise,https://jankancare.co.uk/,info@jankancare.co.uk,LB Havering Complex Placements Framework - Round 14,Havering,Havering,commissioning council only,,1f61a7a6-9c86-414b-8b49-de556e35f441,2021-07-05,web research (high),"Contracts Finder harvest: Havering Complex Placements DPS: supported living (shared/self-contained accommodation) + residential care; multi-supplier, £100m (rule 1, rule 2 SL>£10m exception, rule 3 multi-supplier); Trades as Jankan Care: homecare agency plus supported living (autism, learning disability, mental health). Jankan Enterprise Limited 08010769, Regency House, Harold Wood RM3 0BP, which matches the site address.",Homecare provider that also offers supported living/accommodation
Next Step Support Ltd,http://www.nextstepsupport.co.uk/,admin@nextstepsupport.co.uk,LB Havering Complex Placements Framework - Round 14,Havering,Havering,commissioning council only,,1f61a7a6-9c86-414b-8b49-de556e35f441,2021-07-05,verified (existing data),"Contracts Finder harvest: Havering Complex Placements DPS: supported living (shared/self-contained accommodation) + residential care; multi-supplier, £100m (rule 1, rule 2 SL>£10m exception, rule 3 multi-supplier); Supported living contract over £10m - includes housing",
Nwando Domiciliary Care Limited,https://www.nwandocare.co.uk/,info@nwandocare.co.uk,LB Havering Complex Placements Framework - Round 14,Havering,Havering,commissioning council only,,1f61a7a6-9c86-414b-8b49-de556e35f441,2021-07-05,web research (high),"Contracts Finder harvest: Havering Complex Placements DPS: supported living (shared/self-contained accommodation) + residential care; multi-supplier, £100m (rule 1, rule 2 SL>£10m exception, rule 3 multi-supplier); Domiciliary care agency (Nwando Care Ltd, formerly Nwando Domiciliary Care Ltd, CH 08142258), North London; also adults' and children's homes. partnerships@nwandocare.co.uk also listed.",Homecare provider that also offers supported living/accommodation
SEREN HEALTHCARE SOLUTIONS Ltd,https://serenhealthcaresolutions.co.uk/,info@serenhealthcaresolutions.co.uk,LB Havering Complex Placements Framework - Round 14,Havering,Havering,commissioning council only,,1f61a7a6-9c86-414b-8b49-de556e35f441,2021-07-05,web research (medium),"Contracts Finder harvest: Havering Complex Placements DPS: supported living (shared/self-contained accommodation) + residential care; multi-supplier, £100m (rule 1, rule 2 SL>£10m exception, rule 3 multi-supplier); Complex care / homecare, live-in and learning disability care plus nurse and support-worker staffing (South Wales and South of England; offices Newport and Bristol). Only company with this name is 12613839 (London virtual office). Havering link not confirmed on the site.","homecare and housing both on homepage (homecare 14, housing 8)"
Spire Home (Romford) Ltd,https://spire-home.co.uk/,info@spire-home.co.uk,LB Havering Complex Placements Framework - Round 14,Havering,Havering,commissioning council only,,1f61a7a6-9c86-414b-8b49-de556e35f441,2021-07-05,web research (high),"Contracts Finder harvest: Havering Complex Placements DPS: supported living (shared/self-contained accommodation) + residential care; multi-supplier, £100m (rule 1, rule 2 SL>£10m exception, rule 3 multi-supplier); Learning disability services for adults in Romford (complex needs, positive behaviour support). Company 12890285, Mawney Road Romford. Email on homepage header.",
Treal Care UK Limited,https://www.trealcare.co.uk/,Contact form: https://www.trealcare.co.uk/contact/,LB Havering Complex Placements Framework - Round 14,Havering,Havering,commissioning council only,,1f61a7a6-9c86-414b-8b49-de556e35f441,2021-07-05,web research (medium),"Contracts Finder harvest: Havering Complex Placements DPS: supported living (shared/self-contained accommodation) + residential care; multi-supplier, £100m (rule 1, rule 2 SL>£10m exception, rule 3 multi-supplier); Domiciliary care agency, 20-22 North Street, Hornchurch (company 11192588, CQC Good). Site blocks automated fetches so no email could be verified; search index suggests care@trealcare.co.uk on the contact page, but it is unconfirmed, so left blank.",
Brisca Healthcare Ltd,https://briscahealthcare.co.uk/,info@briscahealthcare.co.uk,LB Havering Complex Placements Framework - Round 23,Havering,Havering,commissioning council only,,f1e9ba6a-1ae5-42d4-8da3-b55feb886642,2022-04-11,web research (high),"Contracts Finder harvest: Havering Complex Placements DPS: supported living (shared/self-contained accommodation) + residential care; multi-supplier, £100m (rule 1, rule 2 SL>£10m exception, rule 3 multi-supplier); Domiciliary care and supported living plus healthcare staffing (formerly Brisca Recruitment). Company 09165393 shown in site footer; offices Chelmsford and Durham.","homecare and housing both on homepage (homecare 13, housing 11)"
Nikee Healthcare Services,https://www.nikeehealthcare.com/,admin@nikeehealthcare.com,LB Havering Complex Placements Framework - Round 23,Havering,Havering,commissioning council only,,f1e9ba6a-1ae5-42d4-8da3-b55feb886642,2022-04-11,web research (high),"Contracts Finder harvest: Havering Complex Placements DPS: supported living (shared/self-contained accommodation) + residential care; multi-supplier, £100m (rule 1, rule 2 SL>£10m exception, rule 3 multi-supplier); Homecare agency plus nursing/care staffing agency and non-emergency transport. Company 10068961, 65 Chippenham Road Romford, which matches the site.",Homecare provider that also offers supported living/accommodation
Penrose Options,https://socialinterestgroup.org.uk/,enquiries@socialinterestgroup.org.uk,LB Havering Complex Placements Framework - Round 23,Havering,Havering,commissioning council only,,f1e9ba6a-1ae5-42d4-8da3-b55feb886642,2022-04-11,web research (high),"Contracts Finder harvest: Havering Complex Placements DPS: supported living (shared/self-contained accommodation) + residential care; multi-supplier, £100m (rule 1, rule 2 SL>£10m exception, rule 3 multi-supplier); SIG Penrose, part of Social Interest Group (the group site is used): supported housing/complex needs and forensic pathway charity. Runs the Havering Complex Needs Accommodation Pathway.",
White Oak Care Limited,https://www.whiteoakcarelimited.uk/,info@whiteoakcareltd.co.uk,LB Havering Complex Placements Framework - Round 23,Havering,Havering,commissioning council only,,f1e9ba6a-1ae5-42d4-8da3-b55feb886642,2022-04-11,web research (medium),"Contracts Finder harvest: Havering Complex Placements DPS: supported living (shared/self-contained accommodation) + residential care; multi-supplier, £100m (rule 1, rule 2 SL>£10m exception, rule 3 multi-supplier); Supported living for adults with learning disabilities, autism, mental health and complex needs. Site address 209 Somerville Road RM6 5AT matches company 12203445. New site (footer company number is a placeholder); email domain differs from the site domain, but it is published on the site.",
Amachyck Care Solution Ltd,https://amachyckcaresolution.com/,info@amachyckcaresolution.com,LB Havering Complex Placements Framework - Round 24,Havering,Havering,commissioning council only,,e92c3fa5-c7d3-4171-b02c-03b9b8338d9d,2022-04-11,web research (high),"Contracts Finder harvest: Havering Complex Placements DPS: supported living (shared/self-contained accommodation) + residential care; multi-supplier, £100m (rule 1, rule 2 SL>£10m exception, rule 3 multi-supplier); Homecare agency, Dagenham (CH 11113173).",
Fairplacecare Ltd,http://fairplacecare.co.uk/,info@fairplacecare.co.uk,LB Havering Complex Placements Framework - Round 24,Havering,Havering,commissioning council only,,e92c3fa5-c7d3-4171-b02c-03b9b8338d9d,2022-04-11,web research (medium),"Contracts Finder harvest: Havering Complex Placements DPS: supported living (shared/self-contained accommodation) + residential care; multi-supplier, £100m (rule 1, rule 2 SL>£10m exception, rule 3 multi-supplier); Homecare and complex care provider (children and adults), CQC-registered in Barnet (CH 11099832).",Homecare provider that also offers supported living/accommodation
FAM DAILY CARE LTD,https://www.famdailycare.com/,info@famdailycare.com,LB Havering Complex Placements Framework - Round 24,Havering,Havering,commissioning council only,,e92c3fa5-c7d3-4171-b02c-03b9b8338d9d,2022-04-11,web research (high),"Contracts Finder harvest: Havering Complex Placements DPS: supported living (shared/self-contained accommodation) + residential care; multi-supplier, £100m (rule 1, rule 2 SL>£10m exception, rule 3 multi-supplier); Romford care staffing agency that also runs a small CQC residential care home for mental health (CH 09953550). Homepage also shows support@famdailycare.com.",
Fari Care Ltd,https://www.faricare.co.uk/,info@faricare.co.uk,LB Havering Complex Placements Framework - Round 24,Havering,Havering,commissioning council only,,e92c3fa5-c7d3-4171-b02c-03b9b8338d9d,2022-04-11,web research (high),"Contracts Finder harvest: Havering Complex Placements DPS: supported living (shared/self-contained accommodation) + residential care; multi-supplier, £100m (rule 1, rule 2 SL>£10m exception, rule 3 multi-supplier); 24-hour supported living and care homes for autism, learning disability and mental health in Redbridge/Newham (CH 07104200, Ilford).",
Haven Solutionz LTD,https://havensolutionz.co.uk/,info@havensolutionz.co.uk,LB Havering Complex Placements Framework - Round 24,Havering,Havering,commissioning council only,,e92c3fa5-c7d3-4171-b02c-03b9b8338d9d,2022-04-11,web research (medium),"Contracts Finder harvest: Havering Complex Placements DPS: supported living (shared/self-contained accommodation) + residential care; multi-supplier, £100m (rule 1, rule 2 SL>£10m exception, rule 3 multi-supplier); Homecare and live-in care agency, Dartford, Kent (CH 10560577).",
Jome Healthcare Ltd,https://www.jomehealthcare.co.uk/,info@jomehealthcare.co.uk,LB Havering Complex Placements Framework - Round 24,Havering,Havering,commissioning council only,,e92c3fa5-c7d3-4171-b02c-03b9b8338d9d,2022-04-11,web research (medium),"Contracts Finder harvest: Havering Complex Placements DPS: supported living (shared/self-contained accommodation) + residential care; multi-supplier, £100m (rule 1, rule 2 SL>£10m exception, rule 3 multi-supplier); Domiciliary care provider and healthcare staffing agency (nurses and support workers), SE13 (CH 09596062).","homecare and housing both on homepage (homecare 7, housing 8)"
Premald care Ltd,https://premaldcare.co.uk/,info@premaldcare.co.uk,LB Havering Complex Placements Framework - Round 24,Havering,Havering,commissioning council only,,e92c3fa5-c7d3-4171-b02c-03b9b8338d9d,2022-04-11,web research (high),"Contracts Finder harvest: Havering Complex Placements DPS: supported living (shared/self-contained accommodation) + residential care; multi-supplier, £100m (rule 1, rule 2 SL>£10m exception, rule 3 multi-supplier); Homecare and supported living provider, Brentwood and Manchester (CH 12881840).",Homecare provider that also offers supported living/accommodation
TASK HEALTH CARE LIMITED,https://taskhealthcare.co.uk/,enquiries@taskhealthcare.co.uk,LB Havering Complex Placements Framework - Round 24,Havering,Havering,commissioning council only,,e92c3fa5-c7d3-4171-b02c-03b9b8338d9d,2022-04-11,web research (high),"Contracts Finder harvest: Havering Complex Placements DPS: supported living (shared/self-contained accommodation) + residential care; multi-supplier, £100m (rule 1, rule 2 SL>£10m exception, rule 3 multi-supplier); Domiciliary/live-in care agency, Ilford, Redbridge (CH 10729953).",Homecare provider that also offers supported living/accommodation
Altimate Care Services UK Ltd,https://altimatecareservices.co.uk/,info@altimatecareservices.co.uk,LB Havering Complex Placements Framework - Round 31,Havering,Havering,commissioning council only,,3b5b8cba-0d37-45f1-90d4-4d2bf4f6e226,2023-06-23,web research (high),"Contracts Finder harvest: Havering Complex Placements DPS: supported living (shared/self-contained accommodation) + residential care; multi-supplier, £100m (rule 1, rule 2 SL>£10m exception, rule 3 multi-supplier); Care services for children and adults with significant or complex needs. Site address Unit F Chesham Close, Romford RM7 7PJ matches company 12229514.",Homecare provider that also offers supported living/accommodation
Aqua Robson Care Ltd,https://www.aquarobsoncare.co.uk/,office@aquarobsoncare.co.uk,LB Havering Complex Placements Framework - Round 31,Havering,Havering,commissioning council only,,3b5b8cba-0d37-45f1-90d4-4d2bf4f6e226,2023-06-23,web research (high),"Contracts Finder harvest: Havering Complex Placements DPS: supported living (shared/self-contained accommodation) + residential care; multi-supplier, £100m (rule 1, rule 2 SL>£10m exception, rule 3 multi-supplier); Home care, supported living and outreach across Thurrock, Essex, Havering and London; subsidiary Aqua Children's Homes. Site address West Thurrock matches company 12775665.","homecare and housing both on homepage (homecare 7, housing 6)"
BS Care Management Services Ltd,https://bscaremanagement.co.uk/,info@bscaremanagement.co.uk,LB Havering Complex Placements Framework - Round 31,Havering,Havering,commissioning council only,,3b5b8cba-0d37-45f1-90d4-4d2bf4f6e226,2023-06-23,web research (high),"Contracts Finder harvest: Havering Complex Placements DPS: supported living (shared/self-contained accommodation) + residential care; multi-supplier, £100m (rule 1, rule 2 SL>£10m exception, rule 3 multi-supplier); Homecare agency supporting older people and adults with learning disabilities, autism and mental health needs. Company 10658743, Tilbury RM18.",Homecare provider that also offers supported living/accommodation
Harlon Healthcare,https://harlonhealthcare.com/,info@harlonhealthcare.com,LB Havering Complex Placements Framework - Round 31,Havering,Havering,commissioning council only,,3b5b8cba-0d37-45f1-90d4-4d2bf4f6e226,2023-06-23,web research (high),"Contracts Finder harvest: Havering Complex Placements DPS: supported living (shared/self-contained accommodation) + residential care; multi-supplier, £100m (rule 1, rule 2 SL>£10m exception, rule 3 multi-supplier); Domiciliary, supported living and complex care provider (offices London, Dartford, Stafford, Cumbria). Company Reg 13885505 in site footer matches.",Homecare provider that also offers supported living/accommodation
Libertas GBR limited,http://www.libertasgb.co.uk/,info@libertasgb.co.uk,LB Havering Complex Placements Framework - Round 31,Havering,Havering,commissioning council only,,3b5b8cba-0d37-45f1-90d4-4d2bf4f6e226,2023-06-23,web research (high),"Contracts Finder harvest: Havering Complex Placements DPS: supported living (shared/self-contained accommodation) + residential care; multi-supplier, £100m (rule 1, rule 2 SL>£10m exception, rule 3 multi-supplier); 16+ supported living / semi-independent accommodation for young people, plus respite and short-term placements. Site address 16 Greystoke Gardens, Enfield matches company 14064216.",
Cornerstone Care Services Ltd,https://cornerstonecareservices.co.uk/,info@cornerstonecareservices.co.uk,LB Havering Complex Placements Framework - Round 32,Havering,Havering,commissioning council only,,1159454c-71b9-4397-88dd-c3e9adef4fc8,2023-10-13,web research (low),"Contracts Finder harvest: Havering Complex Placements DPS: supported living (shared/self-contained accommodation) + residential care; multi-supplier, £100m (rule 1, rule 2 SL>£10m exception, rule 3 multi-supplier); Supported living and care (mental health, learning disabilities). CAUTION: site address (Imperial Offices, 2-4 Eastern Road, Romford) is the registered office of CORNERSTONE CARE SERVICES PROFESSIONALS LTD (08029220), not the exact-name company CORNERSTONE CARE SERVICES LIMITED (06628036, NW2). The Romford branding fits Havering, but the entity is not confirmed.","homecare and housing both on homepage (homecare 4, housing 3)"
Fortune smiles services ltd,https://fortune-smiles.co.uk/,info@fortune-smiles.co.uk,LB Havering Complex Placements Framework - Round 32,Havering,Havering,commissioning council only,,1159454c-71b9-4397-88dd-c3e9adef4fc8,2023-10-13,web research (high),"Contracts Finder harvest: Havering Complex Placements DPS: supported living (shared/self-contained accommodation) + residential care; multi-supplier, £100m (rule 1, rule 2 SL>£10m exception, rule 3 multi-supplier); Home care and supported living / supported housing (including 16-25s), Chadwell Heath Romford. Company No 13175917 in site footer matches.",
Grossdale Ltd,https://grossdalecare.co.uk/,admin@grossdalecare.co.uk,LB Havering Complex Placements Framework - Round 32,Havering,Havering,commissioning council only,,1159454c-71b9-4397-88dd-c3e9adef4fc8,2023-10-13,web research (high),"Contracts Finder harvest: Havering Complex Placements DPS: supported living (shared/self-contained accommodation) + residential care; multi-supplier, £100m (rule 1, rule 2 SL>£10m exception, rule 3 multi-supplier); Homecare agency trading as Grossdale Care Agency (office High Road Leyton E10; registered Hornchurch, company 06546021). Covers dementia, learning disability and end-of-life care.","homecare and housing both on homepage (homecare 3, housing 3)"
Mission Health UK Limited,https://mission-health.co.uk/,admin@mission-health.co.uk,LB Havering Complex Placements Framework - Round 32,Havering,Havering,commissioning council only,,1159454c-71b9-4397-88dd-c3e9adef4fc8,2023-10-13,web research (medium),"Contracts Finder harvest: Havering Complex Placements DPS: supported living (shared/self-contained accommodation) + residential care; multi-supplier, £100m (rule 1, rule 2 SL>£10m exception, rule 3 multi-supplier); Domiciliary, live-in and supported living care provider (Dartford office; CQC location 'Mission Health UK Limited' at Dartford; company 07381051 registered Welling). Site also shows hello@missionhealth.care.","homecare and housing both on homepage (homecare 27, housing 14)"
New Dawn Support Services Ltd,https://newdawnsupport.co.uk/,info@newdawnsupport.co.uk,LB Havering Complex Placements Framework - Round 32,Havering,Havering,commissioning council only,,1159454c-71b9-4397-88dd-c3e9adef4fc8,2023-10-13,web research (high),"Contracts Finder harvest: Havering Complex Placements DPS: supported living (shared/self-contained accommodation) + residential care; multi-supplier, £100m (rule 1, rule 2 SL>£10m exception, rule 3 multi-supplier); Nurse-led supported living, semi-independent living, supported housing and home care for under-18s and adults (mental health, learning disability). Company 11785795, 333 Edgware Road NW9.","homecare and housing both on homepage (homecare 7, housing 12)"
PLATINUM HOUSING SUPPORT AND CARE LTD,https://platinumhousing.co.uk/,Contact form: https://platinumhousing.co.uk/contact/,LB Havering Complex Placements Framework - Round 32,Havering,Havering,commissioning council only,,1159454c-71b9-4397-88dd-c3e9adef4fc8,2023-10-13,web research (high),"Contracts Finder harvest: Havering Complex Placements DPS: supported living (shared/self-contained accommodation) + residential care; multi-supplier, £100m (rule 1, rule 2 SL>£10m exception, rule 3 multi-supplier); Supported housing and social care provider (supported living and domiciliary care) across London and the South East. Company Reg 08567068 in site footer matches; Companies House status is Active. Contact form only.",
Prospect Concerns Care Ltd,https://prospectconcernscare.co.uk/,info@prospectconcernscare.co.uk,LB Havering Complex Placements Framework - Round 32,Havering,Havering,commissioning council only,,1159454c-71b9-4397-88dd-c3e9adef4fc8,2023-10-13,web research (medium),"Contracts Finder harvest: Havering Complex Placements DPS: supported living (shared/self-contained accommodation) + residential care; multi-supplier, £100m (rule 1, rule 2 SL>£10m exception, rule 3 multi-supplier); Supported living for adults with learning disabilities and mental health needs, plus home care and NHS staffing/recruitment. Site office Queens Court Romford matches the CQC location; company 07799249 is registered in Woolwich.",
Silvermere Healthcare Services Limited,https://silvermerehealthcare.co.uk/,info@silvermerehealthcare.co.uk,LB Havering Complex Placements Framework - Round 32,Havering,Havering,commissioning council only,,1159454c-71b9-4397-88dd-c3e9adef4fc8,2023-10-13,web research (high),"Contracts Finder harvest: Havering Complex Placements DPS: supported living (shared/self-contained accommodation) + residential care; multi-supplier, £100m (rule 1, rule 2 SL>£10m exception, rule 3 multi-supplier); Domiciliary care / supported living and temporary healthcare staffing agency (nurses, care assistants, support workers). Company Reg 12588668 in site footer matches.","homecare and housing both on homepage (homecare 6, housing 5)"
STAR ANGEL CARE LIMITED,https://www.starangelcare.co.uk/,info@starangelcare.com,LB Havering Complex Placements Framework - Round 32,Havering,Havering,commissioning council only,,1159454c-71b9-4397-88dd-c3e9adef4fc8,2023-10-13,web research (medium),"Contracts Finder harvest: Havering Complex Placements DPS: supported living (shared/self-contained accommodation) + residential care; multi-supplier, £100m (rule 1, rule 2 SL>£10m exception, rule 3 multi-supplier); Domiciliary care agency (offices Barking and Camden). Company 04893415 (registered E16). Email on site uses the .com domain.",
THE LONDON CARE GROUP LTD,https://thelondoncaregroup.co.uk/,info@thelondoncaregroup.co.uk,LB Havering Complex Placements Framework - Round 32,Havering,Havering,commissioning council only,,1159454c-71b9-4397-88dd-c3e9adef4fc8,2023-10-13,web research (high),"Contracts Finder harvest: Havering Complex Placements DPS: supported living (shared/self-contained accommodation) + residential care; multi-supplier, £100m (rule 1, rule 2 SL>£10m exception, rule 3 multi-supplier); CQC-registered supported living provider (learning disabilities, autism, older people). Site address Alexandra House, 96 Ilford Lane matches company 12910928.",
PENROSE OPTIONS,https://socialinterestgroup.org.uk/,enquiries@socialinterestgroup.org.uk,Subleasing of shared housing for complex needs residents,Havering,Havering,commissioning council only,,2b385fc7-26c5-4119-8c7a-cb7462400659,2022-10-01,web research (high),"Contracts Finder harvest: Rule 3: single supplier but sublease of ~6 HMOs (25-30 rooms) as supported housing; SIG Penrose, part of Social Interest Group (the group site is used): supported housing/complex needs and forensic pathway charity. Runs the Havering Complex Needs Accommodation Pathway.",
ABACUS CARE & SUPPORT,https://abacuscaresupport.co.uk/,enquiries@abacuscaresupport.co.uk,HCC 02/24 - The Provision of Supported Living Services in Hertfordshire,Hertfordshire County Council,Hertfordshire County Council,"The FTS tender notice 2024/S 000-005478 and award 2025/S 000-003646 each list only Hertfordshire County Council as buyer (plus the High Court as review body), as does CF notice d6f76482 (£187m, 3 Feb 2025 - 2 Feb 2029). No other contracting authorities, participating bodies or permitted users are named. Hertfordshire and West Essex ICB is not named; the ICB itself ceased on 31 Mar 2026. 'Barnet' appears only as a supplier's address (Brunswick Supported Living Services), not as a participating authority. The notices say the framework is for 'Supported Living Services in Hertfordshire'. The procurement documents (In-Tend, supply Hertfordshire) were not publicly accessible, so a named-user clause there cannot be ruled out.",,IT-285-8247-HCC2314888 - AWARD,31/01/2025,verified (existing data),Supported living contract over £10m - includes housing,
Ablecross Ltd t/a Ablecross Care Services,https://ablecross.co.uk/,No email published - contact page: https://ablecross.co.uk/contact-us/,HCC 02/24 - The Provision of Supported Living Services in Hertfordshire,Hertfordshire County Council,Hertfordshire County Council,"The FTS tender notice 2024/S 000-005478 and award 2025/S 000-003646 each list only Hertfordshire County Council as buyer (plus the High Court as review body), as does CF notice d6f76482 (£187m, 3 Feb 2025 - 2 Feb 2029). No other contracting authorities, participating bodies or permitted users are named. Hertfordshire and West Essex ICB is not named; the ICB itself ceased on 31 Mar 2026. 'Barnet' appears only as a supplier's address (Brunswick Supported Living Services), not as a participating authority. The notices say the framework is for 'Supported Living Services in Hertfordshire'. The procurement documents (In-Tend, supply Hertfordshire) were not publicly accessible, so a named-user clause there cannot be ruled out.",,IT-285-8247-HCC2314888 - AWARD,31/01/2025,web research (medium),"ABLECROSS LIMITED CH 10214461 (Brentwood, Essex); Home Care Association lists exact trading name. Existing crossroads-newtonstewart.co.uk was wrong. No email published on site (contact page has none).; Supported living contract over £10m - includes housing",
Accedo care,http://www.accedogroup.org.uk/,hello@accedogroup.org.uk,HCC 02/24 - The Provision of Supported Living Services in Hertfordshire,Hertfordshire County Council,Hertfordshire County Council,"The FTS tender notice 2024/S 000-005478 and award 2025/S 000-003646 each list only Hertfordshire County Council as buyer (plus the High Court as review body), as does CF notice d6f76482 (£187m, 3 Feb 2025 - 2 Feb 2029). No other contracting authorities, participating bodies or permitted users are named. Hertfordshire and West Essex ICB is not named; the ICB itself ceased on 31 Mar 2026. 'Barnet' appears only as a supplier's address (Brunswick Supported Living Services), not as a participating authority. The notices say the framework is for 'Supported Living Services in Hertfordshire'. The procurement documents (In-Tend, supply Hertfordshire) were not publicly accessible, so a named-user clause there cannot be ruled out.",,IT-285-8247-HCC2314888 - AWARD,31/01/2025,verified (existing data),Supported living contract over £10m - includes housing,
Adico Care Ltd,http://www.adicocare.co.uk/,info@adicocare.co.uk,HCC 02/24 - The Provision of Supported Living Services in Hertfordshire,Hertfordshire County Council,Hertfordshire County Council,"The FTS tender notice 2024/S 000-005478 and award 2025/S 000-003646 each list only Hertfordshire County Council as buyer (plus the High Court as review body), as does CF notice d6f76482 (£187m, 3 Feb 2025 - 2 Feb 2029). No other contracting authorities, participating bodies or permitted users are named. Hertfordshire and West Essex ICB is not named; the ICB itself ceased on 31 Mar 2026. 'Barnet' appears only as a supplier's address (Brunswick Supported Living Services), not as a participating authority. The notices say the framework is for 'Supported Living Services in Hertfordshire'. The procurement documents (In-Tend, supply Hertfordshire) were not publicly accessible, so a named-user clause there cannot be ruled out.",,IT-285-8247-HCC2314888 - AWARD,31/01/2025,verified (existing data),Supported living contract over £10m - includes housing,
Advance Housing and Support,https://www.advanceuk.org/,Customer.Services@advanceuk.org,HCC 02/24 - The Provision of Supported Living Services in Hertfordshire,Hertfordshire County Council,Hertfordshire County Council,"The FTS tender notice 2024/S 000-005478 and award 2025/S 000-003646 each list only Hertfordshire County Council as buyer (plus the High Court as review body), as does CF notice d6f76482 (£187m, 3 Feb 2025 - 2 Feb 2029). No other contracting authorities, participating bodies or permitted users are named. Hertfordshire and West Essex ICB is not named; the ICB itself ceased on 31 Mar 2026. 'Barnet' appears only as a supplier's address (Brunswick Supported Living Services), not as a participating authority. The notices say the framework is for 'Supported Living Services in Hertfordshire'. The procurement documents (In-Tend, supply Hertfordshire) were not publicly accessible, so a named-user clause there cannot be ruled out.",,IT-285-8247-HCC2314888 - AWARD,31/01/2025,web research (high),"Advance Housing and Support Ltd, registered society IP21143R, Witney head office; runs Hertfordshire Supported Living Services. Head office tel 0333 012 4307.; Supported living contract over £10m - includes housing",
Afeni Healthcare Limited,https://www.afenihealthcare.co.uk/,enquiries@afenihealthcare.co.uk,HCC 02/24 - The Provision of Supported Living Services in Hertfordshire,Hertfordshire County Council,Hertfordshire County Council,"The FTS tender notice 2024/S 000-005478 and award 2025/S 000-003646 each list only Hertfordshire County Council as buyer (plus the High Court as review body), as does CF notice d6f76482 (£187m, 3 Feb 2025 - 2 Feb 2029). No other contracting authorities, participating bodies or permitted users are named. Hertfordshire and West Essex ICB is not named; the ICB itself ceased on 31 Mar 2026. 'Barnet' appears only as a supplier's address (Brunswick Supported Living Services), not as a participating authority. The notices say the framework is for 'Supported Living Services in Hertfordshire'. The procurement documents (In-Tend, supply Hertfordshire) were not publicly accessible, so a named-user clause there cannot be ruled out.",,IT-285-8247-HCC2314888 - AWARD,31/01/2025,web research (high),"Site footer shows Company no. 13816008, matching CH AFENI HEALTHCARE LIMITED (Corsham). Existing afyacare.co.uk was wrong. Referrals: referrals@afenihealthcare.co.uk.; Supported living contract over £10m - includes housing",
Agincare Enable Ltd,https://www.agincare.com/support-for-younger-adults/,Contact form: https://www.agincare.com/contact/,HCC 02/24 - The Provision of Supported Living Services in Hertfordshire,Hertfordshire County Council,Hertfordshire County Council,"The FTS tender notice 2024/S 000-005478 and award 2025/S 000-003646 each list only Hertfordshire County Council as buyer (plus the High Court as review body), as does CF notice d6f76482 (£187m, 3 Feb 2025 - 2 Feb 2029). No other contracting authorities, participating bodies or permitted users are named. Hertfordshire and West Essex ICB is not named; the ICB itself ceased on 31 Mar 2026. 'Barnet' appears only as a supplier's address (Brunswick Supported Living Services), not as a participating authority. The notices say the framework is for 'Supported Living Services in Hertfordshire'. The procurement documents (In-Tend, supply Hertfordshire) were not publicly accessible, so a named-user clause there cannot be ruled out.",,IT-285-8247-HCC2314888 - AWARD,31/01/2025,web research (high),"AGINCARE ENABLE LIMITED CH 11309889 is part of Agincare group; no separate site, group supported-living page used. No general email published (only a references@ HR address); contact page/phone.; Supported living contract over £10m - includes housing","homecare and housing both on homepage (homecare 27, housing 69)"
Allerton C&S GL,https://www.allerton.co.uk/,Contact form: https://www.allerton.co.uk/contact-us,HCC 02/24 - The Provision of Supported Living Services in Hertfordshire,Hertfordshire County Council,Hertfordshire County Council,"The FTS tender notice 2024/S 000-005478 and award 2025/S 000-003646 each list only Hertfordshire County Council as buyer (plus the High Court as review body), as does CF notice d6f76482 (£187m, 3 Feb 2025 - 2 Feb 2029). No other contracting authorities, participating bodies or permitted users are named. Hertfordshire and West Essex ICB is not named; the ICB itself ceased on 31 Mar 2026. 'Barnet' appears only as a supplier's address (Brunswick Supported Living Services), not as a participating authority. The notices say the framework is for 'Supported Living Services in Hertfordshire'. The procurement documents (In-Tend, supply Hertfordshire) were not publicly accessible, so a named-user clause there cannot be ruled out.",,IT-285-8247-HCC2314888 - AWARD,31/01/2025,web research (high),"ALLERTON GROUP LIMITED CH 11371887 (formerly Allerton C&S Limited), Watford. Existing site confirmed. No email published; contact form/phone 020 3475 0588.; Supported living contract over £10m - includes housing",
Aspirations Care,http://www.aspirations-support.co.uk/,info@aspirations-support.co.uk,HCC 02/24 - The Provision of Supported Living Services in Hertfordshire,Hertfordshire County Council,Hertfordshire County Council,"The FTS tender notice 2024/S 000-005478 and award 2025/S 000-003646 each list only Hertfordshire County Council as buyer (plus the High Court as review body), as does CF notice d6f76482 (£187m, 3 Feb 2025 - 2 Feb 2029). No other contracting authorities, participating bodies or permitted users are named. Hertfordshire and West Essex ICB is not named; the ICB itself ceased on 31 Mar 2026. 'Barnet' appears only as a supplier's address (Brunswick Supported Living Services), not as a participating authority. The notices say the framework is for 'Supported Living Services in Hertfordshire'. The procurement documents (In-Tend, supply Hertfordshire) were not publicly accessible, so a named-user clause there cannot be ruled out.",,IT-285-8247-HCC2314888 - AWARD,31/01/2025,verified (existing data),Supported living contract over £10m - includes housing,
BLUE OCEAN SERVICES LTD,http://blueoceanservicesuk.com/,info@blueoceanservicesuk.com,HCC 02/24 - The Provision of Supported Living Services in Hertfordshire,Hertfordshire County Council,Hertfordshire County Council,"The FTS tender notice 2024/S 000-005478 and award 2025/S 000-003646 each list only Hertfordshire County Council as buyer (plus the High Court as review body), as does CF notice d6f76482 (£187m, 3 Feb 2025 - 2 Feb 2029). No other contracting authorities, participating bodies or permitted users are named. Hertfordshire and West Essex ICB is not named; the ICB itself ceased on 31 Mar 2026. 'Barnet' appears only as a supplier's address (Brunswick Supported Living Services), not as a participating authority. The notices say the framework is for 'Supported Living Services in Hertfordshire'. The procurement documents (In-Tend, supply Hertfordshire) were not publicly accessible, so a named-user clause there cannot be ruled out.",,IT-285-8247-HCC2314888 - AWARD,31/01/2025,verified (existing data),Supported living contract over £10m - includes housing,
BRUNSWICK SUPPORTED LIVING SERVICES LIMITED,https://bsls.uk.com/,contact@bsls.uk.com,HCC 02/24 - The Provision of Supported Living Services in Hertfordshire,Hertfordshire County Council,Hertfordshire County Council,"The FTS tender notice 2024/S 000-005478 and award 2025/S 000-003646 each list only Hertfordshire County Council as buyer (plus the High Court as review body), as does CF notice d6f76482 (£187m, 3 Feb 2025 - 2 Feb 2029). No other contracting authorities, participating bodies or permitted users are named. Hertfordshire and West Essex ICB is not named; the ICB itself ceased on 31 Mar 2026. 'Barnet' appears only as a supplier's address (Brunswick Supported Living Services), not as a participating authority. The notices say the framework is for 'Supported Living Services in Hertfordshire'. The procurement documents (In-Tend, supply Hertfordshire) were not publicly accessible, so a named-user clause there cannot be ruled out.",,IT-285-8247-HCC2314888 - AWARD,31/01/2025,web research (high),"CH 08306340 (active), Highstone House, Barnet EN5 5SU - matches site footer. Existing values confirmed.; Supported living contract over £10m - includes housing","homecare and housing both on homepage (homecare 3, housing 18)"
Camphill Village Trust,https://www.camphillvillagetrust.org.uk/,trustoffice@cvt.org.uk,HCC 02/24 - The Provision of Supported Living Services in Hertfordshire,Hertfordshire County Council,Hertfordshire County Council,"The FTS tender notice 2024/S 000-005478 and award 2025/S 000-003646 each list only Hertfordshire County Council as buyer (plus the High Court as review body), as does CF notice d6f76482 (£187m, 3 Feb 2025 - 2 Feb 2029). No other contracting authorities, participating bodies or permitted users are named. Hertfordshire and West Essex ICB is not named; the ICB itself ceased on 31 Mar 2026. 'Barnet' appears only as a supplier's address (Brunswick Supported Living Services), not as a participating authority. The notices say the framework is for 'Supported Living Services in Hertfordshire'. The procurement documents (In-Tend, supply Hertfordshire) were not publicly accessible, so a named-user clause there cannot be ruled out.",,IT-285-8247-HCC2314888 - AWARD,31/01/2025,web research (high),"Camphill Village Trust Ltd CH 00539694. Existing trust-office email confirmed. Hertfordshire (Delrow, Watford) local office: delrow.office@cvt.org.uk.; Supported living contract over £10m - includes housing",
Care By Us Ltd,http://www.carebyus.com/,enquiries@carebyus.com,HCC 02/24 - The Provision of Supported Living Services in Hertfordshire,Hertfordshire County Council,Hertfordshire County Council,"The FTS tender notice 2024/S 000-005478 and award 2025/S 000-003646 each list only Hertfordshire County Council as buyer (plus the High Court as review body), as does CF notice d6f76482 (£187m, 3 Feb 2025 - 2 Feb 2029). No other contracting authorities, participating bodies or permitted users are named. Hertfordshire and West Essex ICB is not named; the ICB itself ceased on 31 Mar 2026. 'Barnet' appears only as a supplier's address (Brunswick Supported Living Services), not as a participating authority. The notices say the framework is for 'Supported Living Services in Hertfordshire'. The procurement documents (In-Tend, supply Hertfordshire) were not publicly accessible, so a named-user clause there cannot be ruled out.",,IT-285-8247-HCC2314888 - AWARD,31/01/2025,verified (existing data),Supported living contract over £10m - includes housing,
CareTech Community Services Limited,https://www.caretech-uk.com,info@caretech-uk.com,HCC 02/24 - The Provision of Supported Living Services in Hertfordshire,Hertfordshire County Council,Hertfordshire County Council,"The FTS tender notice 2024/S 000-005478 and award 2025/S 000-003646 each list only Hertfordshire County Council as buyer (plus the High Court as review body), as does CF notice d6f76482 (£187m, 3 Feb 2025 - 2 Feb 2029). No other contracting authorities, participating bodies or permitted users are named. Hertfordshire and West Essex ICB is not named; the ICB itself ceased on 31 Mar 2026. 'Barnet' appears only as a supplier's address (Brunswick Supported Living Services), not as a participating authority. The notices say the framework is for 'Supported Living Services in Hertfordshire'. The procurement documents (In-Tend, supply Hertfordshire) were not publicly accessible, so a named-user clause there cannot be ruled out.",,IT-285-8247-HCC2314888 - AWARD,31/01/2025,verified (existing data),Supported living contract over £10m - includes housing,
Chiltern Support & Housing Limited,https://chilternsupport.com/,mail@chilternsupport.com,HCC 02/24 - The Provision of Supported Living Services in Hertfordshire,Hertfordshire County Council,Hertfordshire County Council,"The FTS tender notice 2024/S 000-005478 and award 2025/S 000-003646 each list only Hertfordshire County Council as buyer (plus the High Court as review body), as does CF notice d6f76482 (£187m, 3 Feb 2025 - 2 Feb 2029). No other contracting authorities, participating bodies or permitted users are named. Hertfordshire and West Essex ICB is not named; the ICB itself ceased on 31 Mar 2026. 'Barnet' appears only as a supplier's address (Brunswick Supported Living Services), not as a participating authority. The notices say the framework is for 'Supported Living Services in Hertfordshire'. The procurement documents (In-Tend, supply Hertfordshire) were not publicly accessible, so a named-user clause there cannot be ruled out.",,IT-285-8247-HCC2314888 - AWARD,31/01/2025,verified (existing data),Supported living contract over £10m - includes housing,
Choice Support,https://www.choicesupport.org.uk,info@choicesupport.org.uk,HCC 02/24 - The Provision of Supported Living Services in Hertfordshire,Hertfordshire County Council,Hertfordshire County Council,"The FTS tender notice 2024/S 000-005478 and award 2025/S 000-003646 each list only Hertfordshire County Council as buyer (plus the High Court as review body), as does CF notice d6f76482 (£187m, 3 Feb 2025 - 2 Feb 2029). No other contracting authorities, participating bodies or permitted users are named. Hertfordshire and West Essex ICB is not named; the ICB itself ceased on 31 Mar 2026. 'Barnet' appears only as a supplier's address (Brunswick Supported Living Services), not as a participating authority. The notices say the framework is for 'Supported Living Services in Hertfordshire'. The procurement documents (In-Tend, supply Hertfordshire) were not publicly accessible, so a named-user clause there cannot be ruled out.",,IT-285-8247-HCC2314888 - AWARD,31/01/2025,verified (existing data),Supported living contract over £10m - includes housing,
Community Integrated Care,https://www.c-i-c.co.uk,information@c-i-c.co.uk,HCC 02/24 - The Provision of Supported Living Services in Hertfordshire,Hertfordshire County Council,Hertfordshire County Council,"The FTS tender notice 2024/S 000-005478 and award 2025/S 000-003646 each list only Hertfordshire County Council as buyer (plus the High Court as review body), as does CF notice d6f76482 (£187m, 3 Feb 2025 - 2 Feb 2029). No other contracting authorities, participating bodies or permitted users are named. Hertfordshire and West Essex ICB is not named; the ICB itself ceased on 31 Mar 2026. 'Barnet' appears only as a supplier's address (Brunswick Supported Living Services), not as a participating authority. The notices say the framework is for 'Supported Living Services in Hertfordshire'. The procurement documents (In-Tend, supply Hertfordshire) were not publicly accessible, so a named-user clause there cannot be ruled out.",02225727,IT-285-8247-HCC2314888 - AWARD,31/01/2025,verified (existing data),Supported living contract over £10m - includes housing,
COMPASSION PLUS HEALTH CARE LIMITED,http://www.compassionpluscare.com/,info@compassionpluscare.com,HCC 02/24 - The Provision of Supported Living Services in Hertfordshire,Hertfordshire County Council,Hertfordshire County Council,"The FTS tender notice 2024/S 000-005478 and award 2025/S 000-003646 each list only Hertfordshire County Council as buyer (plus the High Court as review body), as does CF notice d6f76482 (£187m, 3 Feb 2025 - 2 Feb 2029). No other contracting authorities, participating bodies or permitted users are named. Hertfordshire and West Essex ICB is not named; the ICB itself ceased on 31 Mar 2026. 'Barnet' appears only as a supplier's address (Brunswick Supported Living Services), not as a participating authority. The notices say the framework is for 'Supported Living Services in Hertfordshire'. The procurement documents (In-Tend, supply Hertfordshire) were not publicly accessible, so a named-user clause there cannot be ruled out.",,IT-285-8247-HCC2314888 - AWARD,31/01/2025,verified (existing data),,Homecare provider that also offers supported living/accommodation
Compassionate Care and support limited,https://www.group-ccg.co.uk/,hello@group-ccg.co.uk,HCC 02/24 - The Provision of Supported Living Services in Hertfordshire,Hertfordshire County Council,Hertfordshire County Council,"The FTS tender notice 2024/S 000-005478 and award 2025/S 000-003646 each list only Hertfordshire County Council as buyer (plus the High Court as review body), as does CF notice d6f76482 (£187m, 3 Feb 2025 - 2 Feb 2029). No other contracting authorities, participating bodies or permitted users are named. Hertfordshire and West Essex ICB is not named; the ICB itself ceased on 31 Mar 2026. 'Barnet' appears only as a supplier's address (Brunswick Supported Living Services), not as a participating authority. The notices say the framework is for 'Supported Living Services in Hertfordshire'. The procurement documents (In-Tend, supply Hertfordshire) were not publicly accessible, so a named-user clause there cannot be ruled out.",,IT-285-8247-HCC2314888 - AWARD,31/01/2025,web research (medium),"COMPASSIONATE CARE & SUPPORT LTD CH 09325578, Castle Hill Court, Ashley WA15 0RE (named in the HCC award). Compassionate Care Group site; contact page lists WA15 0RE. compassionatecaregroup.co.uk redirects here. Existing compassioncare.org.uk is an unrelated Nottingham provider.; Supported living contract over £10m - includes housing","homecare and housing both on homepage (homecare 4, housing 10)"
DandilionUK Limited,https://www.dandelionuk.co.uk/,info@dandelionuk.co.uk,HCC 02/24 - The Provision of Supported Living Services in Hertfordshire,Hertfordshire County Council,Hertfordshire County Council,"The FTS tender notice 2024/S 000-005478 and award 2025/S 000-003646 each list only Hertfordshire County Council as buyer (plus the High Court as review body), as does CF notice d6f76482 (£187m, 3 Feb 2025 - 2 Feb 2029). No other contracting authorities, participating bodies or permitted users are named. Hertfordshire and West Essex ICB is not named; the ICB itself ceased on 31 Mar 2026. 'Barnet' appears only as a supplier's address (Brunswick Supported Living Services), not as a participating authority. The notices say the framework is for 'Supported Living Services in Hertfordshire'. The procurement documents (In-Tend, supply Hertfordshire) were not publicly accessible, so a named-user clause there cannot be ruled out.",,IT-285-8247-HCC2314888 - AWARD,31/01/2025,web research (medium),"Name misspelt in input: DANDELIONUK LIMITED CH 15256517, 28 High Road N2 9PJ - matches site and CQC. LD/autism/MH supported living. Existing dandelionstudioni.com was wrong.; Supported living contract over £10m - includes housing",
Dimensions (UK) Ltd,https://dimensions-uk.org/,enquiries@dimensions-uk.org,HCC 02/24 - The Provision of Supported Living Services in Hertfordshire,Hertfordshire County Council,Hertfordshire County Council,"The FTS tender notice 2024/S 000-005478 and award 2025/S 000-003646 each list only Hertfordshire County Council as buyer (plus the High Court as review body), as does CF notice d6f76482 (£187m, 3 Feb 2025 - 2 Feb 2029). No other contracting authorities, participating bodies or permitted users are named. Hertfordshire and West Essex ICB is not named; the ICB itself ceased on 31 Mar 2026. 'Barnet' appears only as a supplier's address (Brunswick Supported Living Services), not as a participating authority. The notices say the framework is for 'Supported Living Services in Hertfordshire'. The procurement documents (In-Tend, supply Hertfordshire) were not publicly accessible, so a named-user clause there cannot be ruled out.",,IT-285-8247-HCC2314888 - AWARD,31/01/2025,verified (existing data),Supported living contract over £10m - includes housing,
Eamal LTD,https://athomecare.co.uk/,admin@athomecare.co.uk,HCC 02/24 - The Provision of Supported Living Services in Hertfordshire,Hertfordshire County Council,Hertfordshire County Council,"The FTS tender notice 2024/S 000-005478 and award 2025/S 000-003646 each list only Hertfordshire County Council as buyer (plus the High Court as review body), as does CF notice d6f76482 (£187m, 3 Feb 2025 - 2 Feb 2029). No other contracting authorities, participating bodies or permitted users are named. Hertfordshire and West Essex ICB is not named; the ICB itself ceased on 31 Mar 2026. 'Barnet' appears only as a supplier's address (Brunswick Supported Living Services), not as a participating authority. The notices say the framework is for 'Supported Living Services in Hertfordshire'. The procurement documents (In-Tend, supply Hertfordshire) were not publicly accessible, so a named-user clause there cannot be ruled out.",,IT-285-8247-HCC2314888 - AWARD,31/01/2025,web research (high),"EAMAL LTD CH 10306317 trades as 'At Home Care' (sponsor register: Eamal LTD t/a At Home Care); same address Enterprise House, Maxted Road, Hemel Hempstead HP2 7BT as site.",Homecare provider that also offers supported living/accommodation
Eastview Healthcare Services Ltd,https://www.eastviewhealthcare.com/,contact@eastviewhealthcare.com,HCC 02/24 - The Provision of Supported Living Services in Hertfordshire,Hertfordshire County Council,Hertfordshire County Council,"The FTS tender notice 2024/S 000-005478 and award 2025/S 000-003646 each list only Hertfordshire County Council as buyer (plus the High Court as review body), as does CF notice d6f76482 (£187m, 3 Feb 2025 - 2 Feb 2029). No other contracting authorities, participating bodies or permitted users are named. Hertfordshire and West Essex ICB is not named; the ICB itself ceased on 31 Mar 2026. 'Barnet' appears only as a supplier's address (Brunswick Supported Living Services), not as a participating authority. The notices say the framework is for 'Supported Living Services in Hertfordshire'. The procurement documents (In-Tend, supply Hertfordshire) were not publicly accessible, so a named-user clause there cannot be ruled out.",,IT-285-8247-HCC2314888 - AWARD,31/01/2025,web research (medium),"CH 09517323 (active), Kettering NN15 6FD + Milton Keynes office; supported living/homecare. Email decoded from Cloudflare-protected link on contact page. Exact name match; Hertfordshire operations not confirmed on site.; Supported living contract over £10m - includes housing","homecare and housing both on homepage (homecare 13, housing 7)"
Exceptional care at home limited,http://www.exceptionalcareathome.co.uk/,info@exceptionalcareathome.co.uk,HCC 02/24 - The Provision of Supported Living Services in Hertfordshire,Hertfordshire County Council,Hertfordshire County Council,"The FTS tender notice 2024/S 000-005478 and award 2025/S 000-003646 each list only Hertfordshire County Council as buyer (plus the High Court as review body), as does CF notice d6f76482 (£187m, 3 Feb 2025 - 2 Feb 2029). No other contracting authorities, participating bodies or permitted users are named. Hertfordshire and West Essex ICB is not named; the ICB itself ceased on 31 Mar 2026. 'Barnet' appears only as a supplier's address (Brunswick Supported Living Services), not as a participating authority. The notices say the framework is for 'Supported Living Services in Hertfordshire'. The procurement documents (In-Tend, supply Hertfordshire) were not publicly accessible, so a named-user clause there cannot be ruled out.",,IT-285-8247-HCC2314888 - AWARD,31/01/2025,verified (existing data),,Homecare provider that also offers supported living/accommodation
Exclusive Care,https://www.exclusivecare.org.uk/,enquiries@exclusivecare.org.uk,HCC 02/24 - The Provision of Supported Living Services in Hertfordshire,Hertfordshire County Council,Hertfordshire County Council,"The FTS tender notice 2024/S 000-005478 and award 2025/S 000-003646 each list only Hertfordshire County Council as buyer (plus the High Court as review body), as does CF notice d6f76482 (£187m, 3 Feb 2025 - 2 Feb 2029). No other contracting authorities, participating bodies or permitted users are named. Hertfordshire and West Essex ICB is not named; the ICB itself ceased on 31 Mar 2026. 'Barnet' appears only as a supplier's address (Brunswick Supported Living Services), not as a participating authority. The notices say the framework is for 'Supported Living Services in Hertfordshire'. The procurement documents (In-Tend, supply Hertfordshire) were not publicly accessible, so a named-user clause there cannot be ruled out.",,IT-285-8247-HCC2314888 - AWARD,31/01/2025,web research (high),"EXCLUSIVE CARE LIMITED CH 07893331, 10 Nimrod Drive, Hatfield AL10 9LS - matches site. Herts residential/supported living. Existing careclusive.co.uk is not this provider (no Herts address).; Supported living contract over £10m - includes housing",
First Choice Medical Solutions Ltd,https://firstchoicemedicalsolutions.co.uk/,info@firstchoicemedicalsolutions.co.uk,HCC 02/24 - The Provision of Supported Living Services in Hertfordshire,Hertfordshire County Council,Hertfordshire County Council,"The FTS tender notice 2024/S 000-005478 and award 2025/S 000-003646 each list only Hertfordshire County Council as buyer (plus the High Court as review body), as does CF notice d6f76482 (£187m, 3 Feb 2025 - 2 Feb 2029). No other contracting authorities, participating bodies or permitted users are named. Hertfordshire and West Essex ICB is not named; the ICB itself ceased on 31 Mar 2026. 'Barnet' appears only as a supplier's address (Brunswick Supported Living Services), not as a participating authority. The notices say the framework is for 'Supported Living Services in Hertfordshire'. The procurement documents (In-Tend, supply Hertfordshire) were not publicly accessible, so a named-user clause there cannot be ruled out.",,IT-285-8247-HCC2314888 - AWARD,31/01/2025,verified (existing data),,Homecare provider that also offers supported living/accommodation
Fortis Care Limited,http://www.fortiscare.co.uk/,contact@fortiscare.co.uk,HCC 02/24 - The Provision of Supported Living Services in Hertfordshire,Hertfordshire County Council,Hertfordshire County Council,"The FTS tender notice 2024/S 000-005478 and award 2025/S 000-003646 each list only Hertfordshire County Council as buyer (plus the High Court as review body), as does CF notice d6f76482 (£187m, 3 Feb 2025 - 2 Feb 2029). No other contracting authorities, participating bodies or permitted users are named. Hertfordshire and West Essex ICB is not named; the ICB itself ceased on 31 Mar 2026. 'Barnet' appears only as a supplier's address (Brunswick Supported Living Services), not as a participating authority. The notices say the framework is for 'Supported Living Services in Hertfordshire'. The procurement documents (In-Tend, supply Hertfordshire) were not publicly accessible, so a named-user clause there cannot be ruled out.",,IT-285-8247-HCC2314888 - AWARD,31/01/2025,verified (existing data),Supported living contract over £10m - includes housing,
Hand in Hands,http://www.handinhands.co.uk/,info@handinhands.co.uk,HCC 02/24 - The Provision of Supported Living Services in Hertfordshire,Hertfordshire County Council,Hertfordshire County Council,"The FTS tender notice 2024/S 000-005478 and award 2025/S 000-003646 each list only Hertfordshire County Council as buyer (plus the High Court as review body), as does CF notice d6f76482 (£187m, 3 Feb 2025 - 2 Feb 2029). No other contracting authorities, participating bodies or permitted users are named. Hertfordshire and West Essex ICB is not named; the ICB itself ceased on 31 Mar 2026. 'Barnet' appears only as a supplier's address (Brunswick Supported Living Services), not as a participating authority. The notices say the framework is for 'Supported Living Services in Hertfordshire'. The procurement documents (In-Tend, supply Hertfordshire) were not publicly accessible, so a named-user clause there cannot be ruled out.",,IT-285-8247-HCC2314888 - AWARD,31/01/2025,verified (existing data),Supported living contract over £10m - includes housing,
Harpenden Mencap,http://www.harpendenmencap.org.uk/,office@harpendenmencap.co.uk,HCC 02/24 - The Provision of Supported Living Services in Hertfordshire,Hertfordshire County Council,Hertfordshire County Council,"The FTS tender notice 2024/S 000-005478 and award 2025/S 000-003646 each list only Hertfordshire County Council as buyer (plus the High Court as review body), as does CF notice d6f76482 (£187m, 3 Feb 2025 - 2 Feb 2029). No other contracting authorities, participating bodies or permitted users are named. Hertfordshire and West Essex ICB is not named; the ICB itself ceased on 31 Mar 2026. 'Barnet' appears only as a supplier's address (Brunswick Supported Living Services), not as a participating authority. The notices say the framework is for 'Supported Living Services in Hertfordshire'. The procurement documents (In-Tend, supply Hertfordshire) were not publicly accessible, so a named-user clause there cannot be ruled out.",,IT-285-8247-HCC2314888 - AWARD,31/01/2025,verified (existing data),Supported living contract over £10m - includes housing,
Joy Caring Services Limited,https://joycaringservices.co.uk/,info@joycaringservices.co.uk,HCC 02/24 - The Provision of Supported Living Services in Hertfordshire,Hertfordshire County Council,Hertfordshire County Council,"The FTS tender notice 2024/S 000-005478 and award 2025/S 000-003646 each list only Hertfordshire County Council as buyer (plus the High Court as review body), as does CF notice d6f76482 (£187m, 3 Feb 2025 - 2 Feb 2029). No other contracting authorities, participating bodies or permitted users are named. Hertfordshire and West Essex ICB is not named; the ICB itself ceased on 31 Mar 2026. 'Barnet' appears only as a supplier's address (Brunswick Supported Living Services), not as a participating authority. The notices say the framework is for 'Supported Living Services in Hertfordshire'. The procurement documents (In-Tend, supply Hertfordshire) were not publicly accessible, so a named-user clause there cannot be ruled out.",,IT-285-8247-HCC2314888 - AWARD,31/01/2025,web research (high),"CH 08771215 (active, Stevenage). Office Mindenhall Court, Stevenage Old Town SG1 3BG.; Supported living contract over £10m - includes housing","homecare and housing both on homepage (homecare 11, housing 6)"
JURICHEZ   LIMITED,https://jc-care.co.uk/,info@jc-care.co.uk,HCC 02/24 - The Provision of Supported Living Services in Hertfordshire,Hertfordshire County Council,Hertfordshire County Council,"The FTS tender notice 2024/S 000-005478 and award 2025/S 000-003646 each list only Hertfordshire County Council as buyer (plus the High Court as review body), as does CF notice d6f76482 (£187m, 3 Feb 2025 - 2 Feb 2029). No other contracting authorities, participating bodies or permitted users are named. Hertfordshire and West Essex ICB is not named; the ICB itself ceased on 31 Mar 2026. 'Barnet' appears only as a supplier's address (Brunswick Supported Living Services), not as a participating authority. The notices say the framework is for 'Supported Living Services in Hertfordshire'. The procurement documents (In-Tend, supply Hertfordshire) were not publicly accessible, so a named-user clause there cannot be ruled out.",,IT-285-8247-HCC2314888 - AWARD,31/01/2025,web research (high),"JURICHEZ LIMITED CH 07609967, Studio House, Cheshunt EN8 9SH; site titled 'JC Care (The Trading Name of Jurichez)'. Existing values confirmed.",Homecare provider that also offers supported living/accommodation
Keys PCE Limited,http://www.keys-group.co.uk/,info@keys-group.co.uk,HCC 02/24 - The Provision of Supported Living Services in Hertfordshire,Hertfordshire County Council,Hertfordshire County Council,"The FTS tender notice 2024/S 000-005478 and award 2025/S 000-003646 each list only Hertfordshire County Council as buyer (plus the High Court as review body), as does CF notice d6f76482 (£187m, 3 Feb 2025 - 2 Feb 2029). No other contracting authorities, participating bodies or permitted users are named. Hertfordshire and West Essex ICB is not named; the ICB itself ceased on 31 Mar 2026. 'Barnet' appears only as a supplier's address (Brunswick Supported Living Services), not as a participating authority. The notices say the framework is for 'Supported Living Services in Hertfordshire'. The procurement documents (In-Tend, supply Hertfordshire) were not publicly accessible, so a named-user clause there cannot be ruled out.",,IT-285-8247-HCC2314888 - AWARD,31/01/2025,verified (existing data),Supported living contract over £10m - includes housing,
KisharonLangdon,http://kisharonlangdon.org.uk/,info@kisharonlangdon.org.uk,HCC 02/24 - The Provision of Supported Living Services in Hertfordshire,Hertfordshire County Council,Hertfordshire County Council,"The FTS tender notice 2024/S 000-005478 and award 2025/S 000-003646 each list only Hertfordshire County Council as buyer (plus the High Court as review body), as does CF notice d6f76482 (£187m, 3 Feb 2025 - 2 Feb 2029). No other contracting authorities, participating bodies or permitted users are named. Hertfordshire and West Essex ICB is not named; the ICB itself ceased on 31 Mar 2026. 'Barnet' appears only as a supplier's address (Brunswick Supported Living Services), not as a participating authority. The notices say the framework is for 'Supported Living Services in Hertfordshire'. The procurement documents (In-Tend, supply Hertfordshire) were not publicly accessible, so a named-user clause there cannot be ruled out.",,IT-285-8247-HCC2314888 - AWARD,31/01/2025,verified (existing data),Supported living contract over £10m - includes housing,
Knightingles Healthcare Ltd,http://knightingleshealthcare.com/,info@knightingleshealthcare.com,HCC 02/24 - The Provision of Supported Living Services in Hertfordshire,Hertfordshire County Council,Hertfordshire County Council,"The FTS tender notice 2024/S 000-005478 and award 2025/S 000-003646 each list only Hertfordshire County Council as buyer (plus the High Court as review body), as does CF notice d6f76482 (£187m, 3 Feb 2025 - 2 Feb 2029). No other contracting authorities, participating bodies or permitted users are named. Hertfordshire and West Essex ICB is not named; the ICB itself ceased on 31 Mar 2026. 'Barnet' appears only as a supplier's address (Brunswick Supported Living Services), not as a participating authority. The notices say the framework is for 'Supported Living Services in Hertfordshire'. The procurement documents (In-Tend, supply Hertfordshire) were not publicly accessible, so a named-user clause there cannot be ruled out.",,IT-285-8247-HCC2314888 - AWARD,31/01/2025,verified (existing data),Supported living contract over £10m - includes housing,"homecare and housing both on homepage (homecare 13, housing 18)"
Leonard Cheshire Disability,https://www.leonardcheshire.org/,info@leonardcheshire.org,HCC 02/24 - The Provision of Supported Living Services in Hertfordshire,Hertfordshire County Council,Hertfordshire County Council,"The FTS tender notice 2024/S 000-005478 and award 2025/S 000-003646 each list only Hertfordshire County Council as buyer (plus the High Court as review body), as does CF notice d6f76482 (£187m, 3 Feb 2025 - 2 Feb 2029). No other contracting authorities, participating bodies or permitted users are named. Hertfordshire and West Essex ICB is not named; the ICB itself ceased on 31 Mar 2026. 'Barnet' appears only as a supplier's address (Brunswick Supported Living Services), not as a participating authority. The notices say the framework is for 'Supported Living Services in Hertfordshire'. The procurement documents (In-Tend, supply Hertfordshire) were not publicly accessible, so a named-user clause there cannot be ruled out.",,IT-285-8247-HCC2314888 - AWARD,31/01/2025,verified (existing data),Supported living contract over £10m - includes housing,
MacIntyre,https://www.macintyrecharity.org,hello@macintyrecharity.org,HCC 02/24 - The Provision of Supported Living Services in Hertfordshire,Hertfordshire County Council,Hertfordshire County Council,"The FTS tender notice 2024/S 000-005478 and award 2025/S 000-003646 each list only Hertfordshire County Council as buyer (plus the High Court as review body), as does CF notice d6f76482 (£187m, 3 Feb 2025 - 2 Feb 2029). No other contracting authorities, participating bodies or permitted users are named. Hertfordshire and West Essex ICB is not named; the ICB itself ceased on 31 Mar 2026. 'Barnet' appears only as a supplier's address (Brunswick Supported Living Services), not as a participating authority. The notices say the framework is for 'Supported Living Services in Hertfordshire'. The procurement documents (In-Tend, supply Hertfordshire) were not publicly accessible, so a named-user clause there cannot be ruled out.",,IT-285-8247-HCC2314888 - AWARD,31/01/2025,verified (existing data),Supported living contract over £10m - includes housing,
Metropolitan Housing Trust,https://www.metropolitan.org.uk,customerservices@metropolitan.org.uk,HCC 02/24 - The Provision of Supported Living Services in Hertfordshire,Hertfordshire County Council,Hertfordshire County Council,"The FTS tender notice 2024/S 000-005478 and award 2025/S 000-003646 each list only Hertfordshire County Council as buyer (plus the High Court as review body), as does CF notice d6f76482 (£187m, 3 Feb 2025 - 2 Feb 2029). No other contracting authorities, participating bodies or permitted users are named. Hertfordshire and West Essex ICB is not named; the ICB itself ceased on 31 Mar 2026. 'Barnet' appears only as a supplier's address (Brunswick Supported Living Services), not as a participating authority. The notices say the framework is for 'Supported Living Services in Hertfordshire'. The procurement documents (In-Tend, supply Hertfordshire) were not publicly accessible, so a named-user clause there cannot be ruled out.",,IT-285-8247-HCC2314888 - AWARD,31/01/2025,verified (existing data),Supported living contract over £10m - includes housing,
MidCo Care Limited,http://www.midco-care.co.uk/,info@midco-care.co.uk,HCC 02/24 - The Provision of Supported Living Services in Hertfordshire,Hertfordshire County Council,Hertfordshire County Council,"The FTS tender notice 2024/S 000-005478 and award 2025/S 000-003646 each list only Hertfordshire County Council as buyer (plus the High Court as review body), as does CF notice d6f76482 (£187m, 3 Feb 2025 - 2 Feb 2029). No other contracting authorities, participating bodies or permitted users are named. Hertfordshire and West Essex ICB is not named; the ICB itself ceased on 31 Mar 2026. 'Barnet' appears only as a supplier's address (Brunswick Supported Living Services), not as a participating authority. The notices say the framework is for 'Supported Living Services in Hertfordshire'. The procurement documents (In-Tend, supply Hertfordshire) were not publicly accessible, so a named-user clause there cannot be ruled out.",,IT-285-8247-HCC2314888 - AWARD,31/01/2025,verified (existing data),Supported living contract over £10m - includes housing,"homecare and housing both on homepage (homecare 12, housing 18)"
Nwando Care,https://www.nwandocare.co.uk/,info@nwandocare.co.uk,HCC 02/24 - The Provision of Supported Living Services in Hertfordshire,Hertfordshire County Council,Hertfordshire County Council,"The FTS tender notice 2024/S 000-005478 and award 2025/S 000-003646 each list only Hertfordshire County Council as buyer (plus the High Court as review body), as does CF notice d6f76482 (£187m, 3 Feb 2025 - 2 Feb 2029). No other contracting authorities, participating bodies or permitted users are named. Hertfordshire and West Essex ICB is not named; the ICB itself ceased on 31 Mar 2026. 'Barnet' appears only as a supplier's address (Brunswick Supported Living Services), not as a participating authority. The notices say the framework is for 'Supported Living Services in Hertfordshire'. The procurement documents (In-Tend, supply Hertfordshire) were not publicly accessible, so a named-user clause there cannot be ruled out.",,IT-285-8247-HCC2314888 - AWARD,31/01/2025,verified (existing data),Supported living contract over £10m - includes housing,"homecare and housing both on homepage (homecare 9, housing 8)"
onecare,http://www.onecare-uk.com/,info@onecare-uk.com,HCC 02/24 - The Provision of Supported Living Services in Hertfordshire,Hertfordshire County Council,Hertfordshire County Council,"The FTS tender notice 2024/S 000-005478 and award 2025/S 000-003646 each list only Hertfordshire County Council as buyer (plus the High Court as review body), as does CF notice d6f76482 (£187m, 3 Feb 2025 - 2 Feb 2029). No other contracting authorities, participating bodies or permitted users are named. Hertfordshire and West Essex ICB is not named; the ICB itself ceased on 31 Mar 2026. 'Barnet' appears only as a supplier's address (Brunswick Supported Living Services), not as a participating authority. The notices say the framework is for 'Supported Living Services in Hertfordshire'. The procurement documents (In-Tend, supply Hertfordshire) were not publicly accessible, so a named-user clause there cannot be ruled out.",,IT-285-8247-HCC2314888 - AWARD,31/01/2025,verified (existing data),,Homecare provider that also offers supported living/accommodation
OZUMBA TRAINING AND CONSULTANCY SERVICES LIMITED Trading as EMIN,https://www.eminentcare.co.uk/,info@eminentdomcare.co.uk,HCC 02/24 - The Provision of Supported Living Services in Hertfordshire,Hertfordshire County Council,Hertfordshire County Council,"The FTS tender notice 2024/S 000-005478 and award 2025/S 000-003646 each list only Hertfordshire County Council as buyer (plus the High Court as review body), as does CF notice d6f76482 (£187m, 3 Feb 2025 - 2 Feb 2029). No other contracting authorities, participating bodies or permitted users are named. Hertfordshire and West Essex ICB is not named; the ICB itself ceased on 31 Mar 2026. 'Barnet' appears only as a supplier's address (Brunswick Supported Living Services), not as a participating authority. The notices say the framework is for 'Supported Living Services in Hertfordshire'. The procurement documents (In-Tend, supply Hertfordshire) were not publicly accessible, so a named-user clause there cannot be ruled out.",,IT-285-8247-HCC2314888 - AWARD,31/01/2025,web research (high),"Primacura is NOT this company: primacuratraining.co.uk is a Manchester first-aid/social care training firm (Glen Avenue, M9 4EE), removed. eminentcare.co.uk footer states 'OZUMBA TRAINING AND CONSULTANCY SERVICES LIMITED t/a Eminent Care Agency', company number 09499399 (matches Companies House: active, Challenge House, 616 Mitcham Road, Croydon CR0 3AA). Email domain differs from website domain (eminentdomcare.co.uk) but is the address published on the site.",Homecare provider that also offers supported living/accommodation
Partners in Support,http://www.partnersinsupport.org.uk/,info@partnersinsupport.org.uk,HCC 02/24 - The Provision of Supported Living Services in Hertfordshire,Hertfordshire County Council,Hertfordshire County Council,"The FTS tender notice 2024/S 000-005478 and award 2025/S 000-003646 each list only Hertfordshire County Council as buyer (plus the High Court as review body), as does CF notice d6f76482 (£187m, 3 Feb 2025 - 2 Feb 2029). No other contracting authorities, participating bodies or permitted users are named. Hertfordshire and West Essex ICB is not named; the ICB itself ceased on 31 Mar 2026. 'Barnet' appears only as a supplier's address (Brunswick Supported Living Services), not as a participating authority. The notices say the framework is for 'Supported Living Services in Hertfordshire'. The procurement documents (In-Tend, supply Hertfordshire) were not publicly accessible, so a named-user clause there cannot be ruled out.",,IT-285-8247-HCC2314888 - AWARD,31/01/2025,verified (existing data),Supported living contract over £10m - includes housing,
Potensial Limited (trading as Potens),https://potens-uk.com/,info@potens-uk.com,HCC 02/24 - The Provision of Supported Living Services in Hertfordshire,Hertfordshire County Council,Hertfordshire County Council,"The FTS tender notice 2024/S 000-005478 and award 2025/S 000-003646 each list only Hertfordshire County Council as buyer (plus the High Court as review body), as does CF notice d6f76482 (£187m, 3 Feb 2025 - 2 Feb 2029). No other contracting authorities, participating bodies or permitted users are named. Hertfordshire and West Essex ICB is not named; the ICB itself ceased on 31 Mar 2026. 'Barnet' appears only as a supplier's address (Brunswick Supported Living Services), not as a participating authority. The notices say the framework is for 'Supported Living Services in Hertfordshire'. The procurement documents (In-Tend, supply Hertfordshire) were not publicly accessible, so a named-user clause there cannot be ruled out.",,IT-285-8247-HCC2314888 - AWARD,31/01/2025,verified (existing data),Supported living contract over £10m - includes housing,"homecare and housing both on homepage (homecare 13, housing 18)"
Protea Care Homes (Kent) Ltd,https://www.proteacarehomes.com/,info@proteacarehomes.com,HCC 02/24 - The Provision of Supported Living Services in Hertfordshire,Hertfordshire County Council,Hertfordshire County Council,"The FTS tender notice 2024/S 000-005478 and award 2025/S 000-003646 each list only Hertfordshire County Council as buyer (plus the High Court as review body), as does CF notice d6f76482 (£187m, 3 Feb 2025 - 2 Feb 2029). No other contracting authorities, participating bodies or permitted users are named. Hertfordshire and West Essex ICB is not named; the ICB itself ceased on 31 Mar 2026. 'Barnet' appears only as a supplier's address (Brunswick Supported Living Services), not as a participating authority. The notices say the framework is for 'Supported Living Services in Hertfordshire'. The procurement documents (In-Tend, supply Hertfordshire) were not publicly accessible, so a named-user clause there cannot be ruled out.",,IT-285-8247-HCC2314888 - AWARD,31/01/2025,web research (high),"CH 08661207, Watford WD17 1NA (matches site). CH status: Voluntary Arrangement (CVA) - still trading, not liquidation. Referrals page: /referrals.; Supported living contract over £10m - includes housing","homecare and housing both on homepage (homecare 7, housing 23)"
Royal Mencap Society,https://www.mencap.org.uk,information@mencap.org.uk,HCC 02/24 - The Provision of Supported Living Services in Hertfordshire,Hertfordshire County Council,Hertfordshire County Council,"The FTS tender notice 2024/S 000-005478 and award 2025/S 000-003646 each list only Hertfordshire County Council as buyer (plus the High Court as review body), as does CF notice d6f76482 (£187m, 3 Feb 2025 - 2 Feb 2029). No other contracting authorities, participating bodies or permitted users are named. Hertfordshire and West Essex ICB is not named; the ICB itself ceased on 31 Mar 2026. 'Barnet' appears only as a supplier's address (Brunswick Supported Living Services), not as a participating authority. The notices say the framework is for 'Supported Living Services in Hertfordshire'. The procurement documents (In-Tend, supply Hertfordshire) were not publicly accessible, so a named-user clause there cannot be ruled out.",,IT-285-8247-HCC2314888 - AWARD,31/01/2025,verified (existing data),Supported living contract over £10m - includes housing,
SeeAbility,http://www.seeability.org/,enquiries@seeability.org,HCC 02/24 - The Provision of Supported Living Services in Hertfordshire,Hertfordshire County Council,Hertfordshire County Council,"The FTS tender notice 2024/S 000-005478 and award 2025/S 000-003646 each list only Hertfordshire County Council as buyer (plus the High Court as review body), as does CF notice d6f76482 (£187m, 3 Feb 2025 - 2 Feb 2029). No other contracting authorities, participating bodies or permitted users are named. Hertfordshire and West Essex ICB is not named; the ICB itself ceased on 31 Mar 2026. 'Barnet' appears only as a supplier's address (Brunswick Supported Living Services), not as a participating authority. The notices say the framework is for 'Supported Living Services in Hertfordshire'. The procurement documents (In-Tend, supply Hertfordshire) were not publicly accessible, so a named-user clause there cannot be ruled out.",,IT-285-8247-HCC2314888 - AWARD,31/01/2025,verified (existing data),Supported living contract over £10m - includes housing,
Sense,https://www.sense.org.uk,enquiries@sense.org.uk,HCC 02/24 - The Provision of Supported Living Services in Hertfordshire,Hertfordshire County Council,Hertfordshire County Council,"The FTS tender notice 2024/S 000-005478 and award 2025/S 000-003646 each list only Hertfordshire County Council as buyer (plus the High Court as review body), as does CF notice d6f76482 (£187m, 3 Feb 2025 - 2 Feb 2029). No other contracting authorities, participating bodies or permitted users are named. Hertfordshire and West Essex ICB is not named; the ICB itself ceased on 31 Mar 2026. 'Barnet' appears only as a supplier's address (Brunswick Supported Living Services), not as a participating authority. The notices say the framework is for 'Supported Living Services in Hertfordshire'. The procurement documents (In-Tend, supply Hertfordshire) were not publicly accessible, so a named-user clause there cannot be ruled out.",,IT-285-8247-HCC2314888 - AWARD,31/01/2025,verified (existing data),Supported living contract over £10m - includes housing,
SJOG Hospitaller Services,https://sjog.uk/,enquiries@sjog.org.uk,HCC 02/24 - The Provision of Supported Living Services in Hertfordshire,Hertfordshire County Council,Hertfordshire County Council,"The FTS tender notice 2024/S 000-005478 and award 2025/S 000-003646 each list only Hertfordshire County Council as buyer (plus the High Court as review body), as does CF notice d6f76482 (£187m, 3 Feb 2025 - 2 Feb 2029). No other contracting authorities, participating bodies or permitted users are named. Hertfordshire and West Essex ICB is not named; the ICB itself ceased on 31 Mar 2026. 'Barnet' appears only as a supplier's address (Brunswick Supported Living Services), not as a participating authority. The notices say the framework is for 'Supported Living Services in Hertfordshire'. The procurement documents (In-Tend, supply Hertfordshire) were not publicly accessible, so a named-user clause there cannot be ruled out.",,IT-285-8247-HCC2314888 - AWARD,31/01/2025,verified (existing data),Supported living contract over £10m - includes housing,
Social Care Solutions,https://solutionssocialcare.com/,info@solutionssocialcare.com,HCC 02/24 - The Provision of Supported Living Services in Hertfordshire,Hertfordshire County Council,Hertfordshire County Council,"The FTS tender notice 2024/S 000-005478 and award 2025/S 000-003646 each list only Hertfordshire County Council as buyer (plus the High Court as review body), as does CF notice d6f76482 (£187m, 3 Feb 2025 - 2 Feb 2029). No other contracting authorities, participating bodies or permitted users are named. Hertfordshire and West Essex ICB is not named; the ICB itself ceased on 31 Mar 2026. 'Barnet' appears only as a supplier's address (Brunswick Supported Living Services), not as a participating authority. The notices say the framework is for 'Supported Living Services in Hertfordshire'. The procurement documents (In-Tend, supply Hertfordshire) were not publicly accessible, so a named-user clause there cannot be ruled out.",06404664,IT-285-8247-HCC2314888 - AWARD,31/01/2025,web research (medium),"Site brand is 'Solutions Social Care' (day centres/outreach across London and Hertfordshire), which fits the Herts contract. CH 06404664 SOCIAL CARE SOLUTIONS LIMITED is registered in Warrington; no company number on the site to confirm they are the same entity.; Supported living contract over £10m - includes housing",
The Avenues Trust Group,https://www.avenuesgroup.org.uk/,info@avenuesgroup.org.uk,HCC 02/24 - The Provision of Supported Living Services in Hertfordshire,Hertfordshire County Council,Hertfordshire County Council,"The FTS tender notice 2024/S 000-005478 and award 2025/S 000-003646 each list only Hertfordshire County Council as buyer (plus the High Court as review body), as does CF notice d6f76482 (£187m, 3 Feb 2025 - 2 Feb 2029). No other contracting authorities, participating bodies or permitted users are named. Hertfordshire and West Essex ICB is not named; the ICB itself ceased on 31 Mar 2026. 'Barnet' appears only as a supplier's address (Brunswick Supported Living Services), not as a participating authority. The notices say the framework is for 'Supported Living Services in Hertfordshire'. The procurement documents (In-Tend, supply Hertfordshire) were not publicly accessible, so a named-user clause there cannot be ruled out.",,IT-285-8247-HCC2314888 - AWARD,31/01/2025,verified (existing data),Supported living contract over £10m - includes housing,
The Camden Society,https://www.thera.co.uk/about/where-we-work/the-camden-society/,info@thera.co.uk,HCC 02/24 - The Provision of Supported Living Services in Hertfordshire,Hertfordshire County Council,Hertfordshire County Council,"The FTS tender notice 2024/S 000-005478 and award 2025/S 000-003646 each list only Hertfordshire County Council as buyer (plus the High Court as review body), as does CF notice d6f76482 (£187m, 3 Feb 2025 - 2 Feb 2029). No other contracting authorities, participating bodies or permitted users are named. Hertfordshire and West Essex ICB is not named; the ICB itself ceased on 31 Mar 2026. 'Barnet' appears only as a supplier's address (Brunswick Supported Living Services), not as a participating authority. The notices say the framework is for 'Supported Living Services in Hertfordshire'. The procurement documents (In-Tend, supply Hertfordshire) were not publicly accessible, so a named-user clause there cannot be ruled out.",,IT-285-8247-HCC2314888 - AWARD,31/01/2025,web research (high),Part of Thera group (contracting entity Thera South Midlands Trading Ltd CH 10695744 t/a The Camden Society). thecamdensociety.co.uk redirects to this Thera group page. Existing email confirmed.; Supported living contract over £10m - includes housing,
TLC Care Homes Limited,https://ivolve.care/,enquiries@ivolve.care,HCC 02/24 - The Provision of Supported Living Services in Hertfordshire,Hertfordshire County Council,Hertfordshire County Council,"The FTS tender notice 2024/S 000-005478 and award 2025/S 000-003646 each list only Hertfordshire County Council as buyer (plus the High Court as review body), as does CF notice d6f76482 (£187m, 3 Feb 2025 - 2 Feb 2029). No other contracting authorities, participating bodies or permitted users are named. Hertfordshire and West Essex ICB is not named; the ICB itself ceased on 31 Mar 2026. 'Barnet' appears only as a supplier's address (Brunswick Supported Living Services), not as a participating authority. The notices say the framework is for 'Supported Living Services in Hertfordshire'. The procurement documents (In-Tend, supply Hertfordshire) were not publicly accessible, so a named-user clause there cannot be ruled out.",,IT-285-8247-HCC2314888 - AWARD,31/01/2025,web research (high),TLC Care Homes / TLC Care and Support rebranded as ivolve Care & Support (Jan 2023); the CH registered office is the ivolve Chesterfield address. tlccare.co.uk / tlccareservices.co.uk are not current. referrals@ivolve.care is also listed.; Supported living contract over £10m - includes housing,
Turning Point Ltd,https://www.turning-point.co.uk,housing@turning-point.co.uk,HCC 02/24 - The Provision of Supported Living Services in Hertfordshire,Hertfordshire County Council,Hertfordshire County Council,"The FTS tender notice 2024/S 000-005478 and award 2025/S 000-003646 each list only Hertfordshire County Council as buyer (plus the High Court as review body), as does CF notice d6f76482 (£187m, 3 Feb 2025 - 2 Feb 2029). No other contracting authorities, participating bodies or permitted users are named. Hertfordshire and West Essex ICB is not named; the ICB itself ceased on 31 Mar 2026. 'Barnet' appears only as a supplier's address (Brunswick Supported Living Services), not as a participating authority. The notices say the framework is for 'Supported Living Services in Hertfordshire'. The procurement documents (In-Tend, supply Hertfordshire) were not publicly accessible, so a named-user clause there cannot be ruled out.",,IT-285-8247-HCC2314888 - AWARD,31/01/2025,verified (existing data),Supported living contract over £10m - includes housing,
Voyage 1 Limited t/a Voyage Care,https://www.voyagecare.com/service/church-road/,referrals@voyagecare.com,HCC 02/24 - The Provision of Supported Living Services in Hertfordshire,Hertfordshire County Council,Hertfordshire County Council,"The FTS tender notice 2024/S 000-005478 and award 2025/S 000-003646 each list only Hertfordshire County Council as buyer (plus the High Court as review body), as does CF notice d6f76482 (£187m, 3 Feb 2025 - 2 Feb 2029). No other contracting authorities, participating bodies or permitted users are named. Hertfordshire and West Essex ICB is not named; the ICB itself ceased on 31 Mar 2026. 'Barnet' appears only as a supplier's address (Brunswick Supported Living Services), not as a participating authority. The notices say the framework is for 'Supported Living Services in Hertfordshire'. The procurement documents (In-Tend, supply Hertfordshire) were not publicly accessible, so a named-user clause there cannot be ruled out.",,IT-285-8247-HCC2314888 - AWARD,31/01/2025,verified (existing data),Supported living contract over £10m - includes housing,
Walsingham Support,https://www.walsingham.com/,enquiries@walsingham.com,HCC 02/24 - The Provision of Supported Living Services in Hertfordshire,Hertfordshire County Council,Hertfordshire County Council,"The FTS tender notice 2024/S 000-005478 and award 2025/S 000-003646 each list only Hertfordshire County Council as buyer (plus the High Court as review body), as does CF notice d6f76482 (£187m, 3 Feb 2025 - 2 Feb 2029). No other contracting authorities, participating bodies or permitted users are named. Hertfordshire and West Essex ICB is not named; the ICB itself ceased on 31 Mar 2026. 'Barnet' appears only as a supplier's address (Brunswick Supported Living Services), not as a participating authority. The notices say the framework is for 'Supported Living Services in Hertfordshire'. The procurement documents (In-Tend, supply Hertfordshire) were not publicly accessible, so a named-user clause there cannot be ruled out.",,IT-285-8247-HCC2314888 - AWARD,31/01/2025,verified (existing data),Supported living contract over £10m - includes housing,
Watford and District Mencap,https://watfordmencap.org.uk/,admin@watfordmencap.org.uk,HCC 02/24 - The Provision of Supported Living Services in Hertfordshire,Hertfordshire County Council,Hertfordshire County Council,"The FTS tender notice 2024/S 000-005478 and award 2025/S 000-003646 each list only Hertfordshire County Council as buyer (plus the High Court as review body), as does CF notice d6f76482 (£187m, 3 Feb 2025 - 2 Feb 2029). No other contracting authorities, participating bodies or permitted users are named. Hertfordshire and West Essex ICB is not named; the ICB itself ceased on 31 Mar 2026. 'Barnet' appears only as a supplier's address (Brunswick Supported Living Services), not as a participating authority. The notices say the framework is for 'Supported Living Services in Hertfordshire'. The procurement documents (In-Tend, supply Hertfordshire) were not publicly accessible, so a named-user clause there cannot be ruled out.",,IT-285-8247-HCC2314888 - AWARD,31/01/2025,verified (existing data),Supported living contract over £10m - includes housing,
Winraycare Housing Limited,https://winraycarehousing.com/,info@winraycarehousing.com,HCC 02/24 - The Provision of Supported Living Services in Hertfordshire,Hertfordshire County Council,Hertfordshire County Council,"The FTS tender notice 2024/S 000-005478 and award 2025/S 000-003646 each list only Hertfordshire County Council as buyer (plus the High Court as review body), as does CF notice d6f76482 (£187m, 3 Feb 2025 - 2 Feb 2029). No other contracting authorities, participating bodies or permitted users are named. Hertfordshire and West Essex ICB is not named; the ICB itself ceased on 31 Mar 2026. 'Barnet' appears only as a supplier's address (Brunswick Supported Living Services), not as a participating authority. The notices say the framework is for 'Supported Living Services in Hertfordshire'. The procurement documents (In-Tend, supply Hertfordshire) were not publicly accessible, so a named-user clause there cannot be ruled out.",,IT-285-8247-HCC2314888 - AWARD,31/01/2025,web research (high),"Own site confirmed (Leytonstone, London-based supported living provider). info@ published on homepage.; Supported living contract over £10m - includes housing",
Apex Housing Solutions,https://www.apexhousingsolutions.co.uk/,propertyteam@apexhousingsolutions.co.uk,Flexible Framework Agreement for the Procurement and Management of Nightly Purchased Accommodation,Islington,Islington,"Commissioning council only - no other authority evidenced. FTS 035386-2023 and CF ISL001-DN701694-72799919 name Islington Council as sole buyer, for Islington's Housing Needs service. Hackney, Camden and Haringey are named only as acceptable property locations ('neighbouring borough'), not as authorities that can use the framework.",,ISL001-DN701694-72799919,02/03/2026,web research (high),"Kept: nightly-paid temporary accommodation framework (multiple suppliers); Temporary accommodation / guaranteed-rent operator for London councils (site has nightly-accommodation and local-authority pages). Site footer: Apex Housing Solutions Ltd, reg no 06652349, Grand Union Studios, 332 Ladbroke Grove W10 5AD. A search snippet also showed enquiries@apexhousingsolutions.co.uk, but it was not found in the site HTML; propertyteam@ is the address published on the site.",
Christopher House (London) Ltd,https://www.chrishouse.co.uk/,carlyon7@chrishouse.co.uk,Flexible Framework Agreement for the Procurement and Management of Nightly Purchased Accommodation,Islington,Islington,"Commissioning council only - no other authority evidenced. FTS 035386-2023 and CF ISL001-DN701694-72799919 name Islington Council as sole buyer, for Islington's Housing Needs service. Hackney, Camden and Haringey are named only as acceptable property locations ('neighbouring borough'), not as authorities that can use the framework.",,ISL001-DN701694-72799919,02/03/2026,web research (medium),"Kept: nightly-paid temporary accommodation framework (multiple suppliers); Property management / lettings trading as Limelight Properties. Companies House 06956871, active, 356-358 St Ann's Road N15 3ST, SIC 68320. The contact page names 'Christopher House T/A Limelight Properties, 356-358 St Ann's Road N15 3ST' (matches Companies House), phone 0208 880 1191. Caveats: the homepage currently shows a One.com hosting placeholder, so the site may be lapsing, and the email looks like an individual's address.",
Easymove Estate Agents,https://easymoveea.com/,enquiries@easymoveea.com,Flexible Framework Agreement for the Procurement and Management of Nightly Purchased Accommodation,Islington,Islington,"Commissioning council only - no other authority evidenced. FTS 035386-2023 and CF ISL001-DN701694-72799919 name Islington Council as sole buyer, for Islington's Housing Needs service. Hackney, Camden and Haringey are named only as acceptable property locations ('neighbouring borough'), not as authorities that can use the framework.",,ISL001-DN701694-72799919,02/03/2026,web research (high),"Kept: nightly-paid temporary accommodation framework (multiple suppliers); Estate/letting agent at 161 High Street North, East Ham E6 1JB, offering lettings, sales, property management and guaranteed rent. Also listed with The Property Ombudsman and Rightmove. Easymove Estate Agents Ltd 08051164 (Peterborough) was dissolved in 2017 and is unrelated; 'Easymove' appears to be a trading name.",
Elevate Estates Ltd,https://elevate-estates.co.uk/,No email or contact form found on website,Flexible Framework Agreement for the Procurement and Management of Nightly Purchased Accommodation,Islington,Islington,"Commissioning council only - no other authority evidenced. FTS 035386-2023 and CF ISL001-DN701694-72799919 name Islington Council as sole buyer, for Islington's Housing Needs service. Hackney, Camden and Haringey are named only as acceptable property locations ('neighbouring borough'), not as authorities that can use the framework.",,ISL001-DN701694-72799919,02/03/2026,web research (low),"Kept: nightly-paid temporary accommodation framework (multiple suppliers); Exact-name company: Elevate Estates Ltd 12108905, active but accounts overdue, Unit 11 Holts Court, Threshers Bush, Harlow CM17 0NS, SIC 68310 (estate agency). Search listings title elevate-estates.co.uk 'Elevate Estates Ltd – Letting and Estate Agents' (Harlow), but the site returns 403 / SSL mismatch and couldn't be checked; no email found. Several similar London companies exist (e.g. Elevate Estates Management Ltd 15441254, NW9/N4), so treat the website as unconfirmed.",
Millwood Kane,https://www.millwoodkane.com/,info@millwoodkane.com,Flexible Framework Agreement for the Procurement and Management of Nightly Purchased Accommodation,Islington,Islington,"Commissioning council only - no other authority evidenced. FTS 035386-2023 and CF ISL001-DN701694-72799919 name Islington Council as sole buyer, for Islington's Housing Needs service. Hackney, Camden and Haringey are named only as acceptable property locations ('neighbouring borough'), not as authorities that can use the framework.",,ISL001-DN701694-72799919,02/03/2026,web research (high),"Kept: nightly-paid temporary accommodation framework (multiple suppliers); Lettings / property management firm with guaranteed rent, rent-to-rent and real estate investment consulting. Millwood Kane Limited 06729285, active, 41 Kilburn Lane W10 4AE (address matches site); also has a Cyprus office.",
Roads Estates Ltd,https://roadsestatesltd.com/,info@roadsestatesltd.com,Flexible Framework Agreement for the Procurement and Management of Nightly Purchased Accommodation,Islington,Islington,"Commissioning council only - no other authority evidenced. FTS 035386-2023 and CF ISL001-DN701694-72799919 name Islington Council as sole buyer, for Islington's Housing Needs service. Hackney, Camden and Haringey are named only as acceptable property locations ('neighbouring borough'), not as authorities that can use the framework.",,ISL001-DN701694-72799919,02/03/2026,web research (high),"Kept: nightly-paid temporary accommodation framework (multiple suppliers); Residential lettings agent at 105 Seven Sisters Road, Finsbury Park N7 7QP (Islington). Companies House 15565833; registered with The Property Ombudsman. A director's email also appears on the TPO listing; the generic info@ from the site is used here.",
Safeside Supported Living Services Ltd,https://safesideservices.co.uk/,info@safesideservices.co.uk,Flexible Framework Agreement for the Procurement and Management of Nightly Purchased Accommodation,Islington,Islington,"Commissioning council only - no other authority evidenced. FTS 035386-2023 and CF ISL001-DN701694-72799919 name Islington Council as sole buyer, for Islington's Housing Needs service. Hackney, Camden and Haringey are named only as acceptable property locations ('neighbouring borough'), not as authorities that can use the framework.",,ISL001-DN701694-72799919,02/03/2026,web research (high),"Kept: nightly-paid temporary accommodation framework (multiple suppliers); Supported living and home-care provider (CQC registered). Companies House 13203035, Jubilee House, 3 The Drive, Great Warley, Brentwood CM13 3FR. The site shows the same address, CQC location ID 1-22153100025 (matches CQC) and '© Safeside Supported Living Services'. Covers East London, Essex and Cornwall.","homecare and housing both on homepage (homecare 16, housing 20)"
Sai Aryan Properties Ltd,https://saiaryanproperties.com/,contact@saiaryanproperties.com,Flexible Framework Agreement for the Procurement and Management of Nightly Purchased Accommodation,Islington,Islington,"Commissioning council only - no other authority evidenced. FTS 035386-2023 and CF ISL001-DN701694-72799919 name Islington Council as sole buyer, for Islington's Housing Needs service. Hackney, Camden and Haringey are named only as acceptable property locations ('neighbouring borough'), not as authorities that can use the framework.",,ISL001-DN701694-72799919,02/03/2026,web research (high),"Kept: nightly-paid temporary accommodation framework (multiple suppliers); Guaranteed rent / property management and temporary housing provider for local authorities, with 700+ properties across the UK. Sai Aryan Properties Limited 10548705, active, inc Jan 2017, registered office Milton Keynes MK9 3HP, SIC 68310/68320.",
Southshore Global Management Ltd,https://southshore-global.com/,admin@southshore-global.com,Flexible Framework Agreement for the Procurement and Management of Nightly Purchased Accommodation,Islington,Islington,"Commissioning council only - no other authority evidenced. FTS 035386-2023 and CF ISL001-DN701694-72799919 name Islington Council as sole buyer, for Islington's Housing Needs service. Hackney, Camden and Haringey are named only as acceptable property locations ('neighbouring borough'), not as authorities that can use the framework.",,ISL001-DN701694-72799919,02/03/2026,web research (high),"Kept: nightly-paid temporary accommodation framework (multiple suppliers); Accommodation provider for asylum seekers and temporary housing, plus facilities management, security and welfare services for central and local government. Companies House 14351985; the site title reads 'Southshore Global Managment Limited'.",
Stef & Philips,https://stefphilips.com/,Contact form: https://stefphilips.com/contact,Flexible Framework Agreement for the Procurement and Management of Nightly Purchased Accommodation,Islington,Islington,"Commissioning council only - no other authority evidenced. FTS 035386-2023 and CF ISL001-DN701694-72799919 name Islington Council as sole buyer, for Islington's Housing Needs service. Hackney, Camden and Haringey are named only as acceptable property locations ('neighbouring borough'), not as authorities that can use the framework.",,ISL001-DN701694-72799919,02/03/2026,web research (high),"Kept: nightly-paid temporary accommodation framework (multiple suppliers); Large social-housing / temporary accommodation provider working with 60+ councils and housing about 7,500 tenants. Company no 05752211 (site footer); head office The Grange, 100 High Street, Southgate N14 6BN; Colchester office too. The contact page has web forms and phone 020 8882 8372 but no published email.",
Woodland Properties,https://www.woodlandltd.co.uk/,info@woodlandltd.co.uk,Flexible Framework Agreement for the Procurement and Management of Nightly Purchased Accommodation,Islington,Islington,"Commissioning council only - no other authority evidenced. FTS 035386-2023 and CF ISL001-DN701694-72799919 name Islington Council as sole buyer, for Islington's Housing Needs service. Hackney, Camden and Haringey are named only as acceptable property locations ('neighbouring borough'), not as authorities that can use the framework.",,ISL001-DN701694-72799919,02/03/2026,web research (high),"Kept: nightly-paid temporary accommodation framework (multiple suppliers); East London / Essex estate and letting agent (Ilford, Leyton) with a rent-guarantee leasing scheme serving local authorities. Site footer: lettings by Woodland Properties Management Ltd, reg no 10277627, 168 Stainforth Road, Newbury Park IG2 7EL; sales by Woodland Estate Agents Ltd 5413265. The email is Cloudflare-protected on the site; decoded it is info@woodlandltd.co.uk.",
Look Ahead Care and Support Ltd,http://www.lookahead.org.uk/,getintouch@lookahead.org.uk,Mental Health Accommodation Pathway Services,Islington,Islington,commissioning council only,,21884d6d-54d8-425f-93c3-650bcf902193,2021-10-14,verified (existing data),"Contracts Finder harvest: Rules 1-3: MH accommodation pathway (supported living & residential), multi-supplier",
Peabody Trust,https://www.peabody.org.uk,supported.housing@peabody.org.uk,Mental Health Accommodation Pathway Services,Islington,Islington,commissioning council only,,21884d6d-54d8-425f-93c3-650bcf902193,2021-10-14,verified (existing data),"Contracts Finder harvest: Rules 1-3: MH accommodation pathway (supported living & residential), multi-supplier; Supported living contract over £10m - includes housing",
Rethink Mental Illness Ltd,https://www.rethink.org/,info@rethink.org,Mental Health Accommodation Pathway Services,Islington,Islington,commissioning council only,,21884d6d-54d8-425f-93c3-650bcf902193,2021-10-14,web research (high),"Contracts Finder harvest: Rules 1-3: MH accommodation pathway (supported living & residential), multi-supplier; National mental health charity running supported housing services; general enquiries email (no Islington-specific email published).",
Richmond Fellowship,https://www.richmondfellowship.org.uk,enquiries@richmondfellowship.org.uk,Mental Health Accommodation Pathway Services,Islington,Islington,commissioning council only,,21884d6d-54d8-425f-93c3-650bcf902193,2021-10-14,verified (existing data),"Contracts Finder harvest: Rules 1-3: MH accommodation pathway (supported living & residential), multi-supplier",
St Martin of Tours Housing Association,https://www.stmartinoftours.org.uk/,referrals@stmartinoftours.org.uk,Mental Health Accommodation Pathway Services,Islington,Islington,commissioning council only,,21884d6d-54d8-425f-93c3-650bcf902193,2021-10-14,web research (high),"Contracts Finder harvest: Rules 1-3: MH accommodation pathway (supported living & residential), multi-supplier; Mental health supported housing association, Islington/Camden/Brent. enquiries@stmartinoftours.org.uk also listed.",
St Mungo Community Housing Association,https://www.mungos.org,info@mungos.org,Mental Health Accommodation Pathway Services,Islington,Islington,commissioning council only,,21884d6d-54d8-425f-93c3-650bcf902193,2021-10-14,verified (existing data),"Contracts Finder harvest: Rules 1-3: MH accommodation pathway (supported living & residential), multi-supplier; Single-award contract kept: supported living service across south Camden (pathway)",
Family Mosaic,https://www.peabody.org.uk/,Contact form: https://www.peabody.org.uk/contact-us/,Mental Health Supported Housing Services (Lot A-K),Islington,Islington,commissioning council only,,feb6bc9b-a06b-4754-9aac-4368e01ba5a0,2017-08-08,web research (medium),"Contracts Finder harvest: Rules 1-3: MH supported housing services Lots A-K, 5 suppliers; Housing association; Family Mosaic merged into Peabody (2017) and no longer has its own site, so group site used. Peabody contact page lists phone 0300 123 3456, live chat and post only, no public email (contact form/phone only). Runs young people's supported housing service.",
Peter Bedford Housing Association,https://www.peterbedford.org.uk/,admin.email@peterbedford.org.uk,Mental Health Supported Housing Services (Lot A-K),Islington,Islington,commissioning council only,,feb6bc9b-a06b-4754-9aac-4368e01ba5a0,2017-08-08,web research (high),"Contracts Finder harvest: Rules 1-3: MH supported housing services Lots A-K, 5 suppliers; Supported housing charity for socially excluded adults, including mental health supported housing, in Hackney and Islington (E8).",
Richmond Fellowship,https://www.richmondfellowship.org.uk,enquiries@richmondfellowship.org.uk,Mental Health Supported Housing Services (Lot A-K),Islington,Islington,commissioning council only,,feb6bc9b-a06b-4754-9aac-4368e01ba5a0,2017-08-08,verified (existing data),"Contracts Finder harvest: Rules 1-3: MH supported housing services Lots A-K, 5 suppliers",
SHP (Single Homeless Project),https://www.shp.org.uk/,info@shp.org.uk,Mental Health Supported Housing Services (Lot A-K),Islington,Islington,commissioning council only,,feb6bc9b-a06b-4754-9aac-4368e01ba5a0,2017-08-08,web research (high),"Contracts Finder harvest: Rules 1-3: MH supported housing services Lots A-K, 5 suppliers; Single-award contract kept: single adults supported housing pathway; General enquiries email per contact page (tel 0204 509 8300, 245 Gray's Inn Road WC1X 8QY). No separate referrals email published; homelessness referrals are pointed to the Get Help page / StreetLink.",
St Mungo Community Housing Association,https://www.mungos.org,info@mungos.org,Mental Health Supported Housing Services (Lot A-K),Islington,Islington,commissioning council only,,feb6bc9b-a06b-4754-9aac-4368e01ba5a0,2017-08-08,verified (existing data),"Contracts Finder harvest: Rules 1-3: MH supported housing services Lots A-K, 5 suppliers; Single-award contract kept: supported living service across south Camden (pathway)",
Allison Lodge,http://www.allisonlodge.co.uk/,info@allisonlodge.co.uk,Nightly Purchased Accommodation framework agreement,Islington,Islington,commissioning council only,,f0b99d47-bccd-498d-be3c-a488d40539b2,2022-10-11,web research (high),"Contracts Finder harvest: Rules 1-3: nightly purchased accommodation framework agreement (suppliers not listed) | suppliers from notice Additional Text; Temporary housing / specialist care and support provider (temporary housing, mother and baby placements). Allison Lodge Limited, CH 03236049, inc. 1996, registered at 321 Chase Road, Southgate, London N14 6JT. Email found on homepage HTML.",
Ashdale Services,https://ashdaleservices.co.uk/,info@ashdaleservices.co.uk,Nightly Purchased Accommodation framework agreement,Islington,Islington,commissioning council only,,f0b99d47-bccd-498d-be3c-a488d40539b2,2022-10-11,web research (high),"Contracts Finder harvest: Rules 1-3: nightly purchased accommodation framework agreement (suppliers not listed) | suppliers from notice Additional Text; Residential accommodation management company, 344 High Road, Wood Green, London N22 8JW (tel 020 8888 3500). Ashdale Services Limited, CH 04461647, inc. 2002, registered office Bounds Green N11. Site is sparse and does not name councils, but name and London location match.",
Atlas Property London,http://www.atlashomes.co.uk/,info@atlashomes.co.uk,Nightly Purchased Accommodation framework agreement,Islington,Islington,commissioning council only,,f0b99d47-bccd-498d-be3c-a488d40539b2,2022-10-11,web research (high),"Contracts Finder harvest: Rules 1-3: nightly purchased accommodation framework agreement (suppliers not listed) | suppliers from notice Additional Text; Emergency temporary accommodation provider to local authorities. Atlas Property (London) Limited, CH 03291675, active, SIC 55100 hotels and similar accommodation / 87900 other residential care; 98 Stroud Green Road, London N4 3EN (tel 020 7281 0609). Homepage title 'Atlas Property London Ltd' shows the same N4 address. NOT atlasproperty.london, a separate West End/Ealing estate agent.",
Elliot Leigh,https://www.elliotleigh.com/,info@elliotleigh.com,Nightly Purchased Accommodation framework agreement,Islington,Islington,commissioning council only,,f0b99d47-bccd-498d-be3c-a488d40539b2,2022-10-11,web research (high),"Contracts Finder harvest: Rules 1-3: nightly purchased accommodation framework agreement (suppliers not listed) | suppliers from notice Additional Text; Guaranteed rent / temporary accommodation provider to local authorities, plus supported living (Elliot Leigh TLC). Head office 728-730 Eastern Avenue, Ilford IG2 6PE (tel 0208 983 4444). Group of companies at that address (e.g. Elliot Leigh Guaranteed Rents Ltd 12957161, Elliot Leigh Property Management Ltd 10984965); exact contracting entity not confirmed. Email is on the contact page and in the homepage header/footer.",
Housing Action Management,https://www.housingactionmanagement.com/,info@housingactionmanagement.co.uk,Nightly Purchased Accommodation framework agreement,Islington,Islington,commissioning council only,,f0b99d47-bccd-498d-be3c-a488d40539b2,2022-10-11,web research (medium),"Contracts Finder harvest: Rules 1-3: nightly purchased accommodation framework agreement (suppliers not listed) | suppliers from notice Additional Text; Single-award contract kept: prison leaver accommodation across the region; Housing Action Management Ltd (07559799, active, 73 Cornhill EC3V 3QQ). A London temporary-accommodation provider and a named MoJ CAS3 awardee (KSS region, May 2024), managing 551 London CAS3 units. The site doesn't mention CAS3 itself. Email is on the contact/about pages; .co.uk redirects to the .com site. Ignore lodge33.com, an unrelated site that uses the same name.",
Theori Investments,https://theori.co.uk/,info@theori.co.uk,Nightly Purchased Accommodation framework agreement,Islington,Islington,commissioning council only,,f0b99d47-bccd-498d-be3c-a488d40539b2,2022-10-11,web research (high),"Contracts Finder harvest: Rules 1-3: nightly purchased accommodation framework agreement (suppliers not listed) | suppliers from notice Additional Text; Temporary accommodation / housing management provider to local authorities (emergency nightly accommodation, longer-term TA schemes, guaranteed rents). Trading as Theori Housing Management Services Limited, CH 04048450, formerly named Theori Investments Limited (renamed Nov 2015). Olive Tree Centre, 472a Larkshall Road, Highams Park, London E4 9HH (tel 020 8988 1091). Theori Investments Holdings Ltd (09731380) is a separate, dissolved company.",
Varosi Lettings,https://www.varosilettings.com/,varosi@varosilettings.co.uk,Nightly Purchased Accommodation framework agreement,Islington,Islington,commissioning council only,,f0b99d47-bccd-498d-be3c-a488d40539b2,2022-10-11,web research (medium),"Contracts Finder harvest: Rules 1-3: nightly purchased accommodation framework agreement (suppliers not listed) | suppliers from notice Additional Text; Estate agent/lettings and property management with a guaranteed rent scheme supplying temporary accommodation to councils incl. Islington. Varosi Lettings & Estates Limited, CH 04288212, active, inc. 2001, 176 Tollington Park, London N4 3AJ (tel 020 7263 8100). The live site blocks automated access, so the email was confirmed on an archived (Mar 2023) copy of the company's own contact page; its domain (.co.uk) differs from the website's (.com).",
Depaul UK,https://www.depaul.org.uk/,depaul@depaulcharity.org.uk,Supported Accomodation for Young People,Islington,Islington,commissioning council only,,b2f75558-d076-491e-a82c-d3a324f8b5a2,2018-11-12,web research (high),"Contracts Finder harvest: Rules 1-3: young people's supported accommodation, 16 lots, 4 suppliers; Email published on depaul.org.uk/contact-us",
Family Mosaic,https://www.peabody.org.uk/,Contact form: https://www.peabody.org.uk/contact-us/,Supported Accomodation for Young People,Islington,Islington,commissioning council only,,b2f75558-d076-491e-a82c-d3a324f8b5a2,2018-11-12,web research (medium),"Contracts Finder harvest: Rules 1-3: young people's supported accommodation, 16 lots, 4 suppliers; Housing association; Family Mosaic merged into Peabody (2017) and no longer has its own site, so group site used. Peabody contact page lists phone 0300 123 3456, live chat and post only, no public email (contact form/phone only). Runs young people's supported housing service.",
Look Ahead Care and Support,http://www.lookahead.org.uk/,getintouch@lookahead.org.uk,Supported Accomodation for Young People,Islington,Islington,commissioning council only,,b2f75558-d076-491e-a82c-d3a324f8b5a2,2018-11-12,verified (existing data),"Contracts Finder harvest: Rules 1-3: young people's supported accommodation, 16 lots, 4 suppliers",
One Housing Group,https://www.riverside.org.uk/,info@riverside.org.uk,Supported Accomodation for Young People,Islington,Islington,commissioning council only,,b2f75558-d076-491e-a82c-d3a324f8b5a2,2018-11-12,web research (medium),"Contracts Finder harvest: Rules 1-3: young people's supported accommodation, 16 lots, 4 suppliers; One Housing merged into Riverside; same details as other One Housing rows",
Allison Lodge Ltd,http://www.allisonlodge.co.uk/,info@allisonlodge.co.uk,Temporary accommodation,Islington,Islington,commissioning council only,,453e6afa-1ccf-4cdb-9cd5-6c69301f1a75,2017-06-06,web research (high),"Contracts Finder harvest: Rules 1-3: nightly purchased and PSL temporary accommodation frameworks, multi-supplier; Temporary housing / specialist care and support provider (temporary housing, mother and baby placements). Allison Lodge Limited, CH 03236049, inc. 1996, registered at 321 Chase Road, Southgate, London N14 6JT. Email found on homepage HTML.",
Altwood Properties Limited,https://www.altwoodproperties.co.uk/,enquiries@altwoodgroup.com,Temporary accommodation,Islington,Islington,commissioning council only,,453e6afa-1ccf-4cdb-9cd5-6c69301f1a75,2017-06-06,web research (high),"Contracts Finder harvest: Rules 1-3: nightly purchased and PSL temporary accommodation frameworks, multi-supplier; Guaranteed-rent lettings supplying accommodation to local authorities (CH 04727365, N13). The email uses the Altwood group domain, shown on its own site.",
Ashdale Services Limited,https://ashdaleservices.co.uk/,info@ashdaleservices.co.uk,Temporary accommodation,Islington,Islington,commissioning council only,,453e6afa-1ccf-4cdb-9cd5-6c69301f1a75,2017-06-06,web research (high),"Contracts Finder harvest: Rules 1-3: nightly purchased and PSL temporary accommodation frameworks, multi-supplier; Residential accommodation management company, 344 High Road, Wood Green, London N22 8JW (tel 020 8888 3500). Ashdale Services Limited, CH 04461647, inc. 2002, registered office Bounds Green N11. Site is sparse and does not name councils, but name and London location match.",
Atlas Property London Ltd,http://www.atlashomes.co.uk/,info@atlashomes.co.uk,Temporary accommodation,Islington,Islington,commissioning council only,,453e6afa-1ccf-4cdb-9cd5-6c69301f1a75,2017-06-06,web research (high),"Contracts Finder harvest: Rules 1-3: nightly purchased and PSL temporary accommodation frameworks, multi-supplier; Emergency temporary accommodation provider to local authorities. Atlas Property (London) Limited, CH 03291675, active, SIC 55100 hotels and similar accommodation / 87900 other residential care; 98 Stroud Green Road, London N4 3EN (tel 020 7281 0609). Homepage title 'Atlas Property London Ltd' shows the same N4 address. NOT atlasproperty.london, a separate West End/Ealing estate agent.",
County Private Client Limited,https://www.countyrents.co.uk/,Contact form: https://www.countyrents.co.uk/contact-us/,Temporary accommodation,Islington,Islington,commissioning council only,,453e6afa-1ccf-4cdb-9cd5-6c69301f1a75,2017-06-06,web research (high),"Contracts Finder harvest: Rules 1-3: nightly purchased and PSL temporary accommodation frameworks, multi-supplier; Trades as County Rents: guaranteed-rent lettings/housing solutions (CH 06923054, Willesden NW10). Contact form only.",
Genesis Housing Association,http://www.nhg.org.uk/,info@nhg.org.uk,Temporary accommodation,Islington,Islington,commissioning council only,,453e6afa-1ccf-4cdb-9cd5-6c69301f1a75,2017-06-06,web research (high),"Contracts Finder harvest: Rules 1-3: nightly purchased and PSL temporary accommodation frameworks, multi-supplier; Existing values kept: Genesis Housing Association merged with Notting Hill Housing in 2018 to form Notting Hill Genesis (NHG). info@nhg.org.uk is on the NHG contact page.",
Housing Action Management Ltd,https://www.housingactionmanagement.com/,info@housingactionmanagement.co.uk,Temporary accommodation,Islington,Islington,commissioning council only,,453e6afa-1ccf-4cdb-9cd5-6c69301f1a75,2017-06-06,web research (medium),"Contracts Finder harvest: Rules 1-3: nightly purchased and PSL temporary accommodation frameworks, multi-supplier; Single-award contract kept: prison leaver accommodation across the region; Housing Action Management Ltd (07559799, active, 73 Cornhill EC3V 3QQ). A London temporary-accommodation provider and a named MoJ CAS3 awardee (KSS region, May 2024), managing 551 London CAS3 units. The site doesn't mention CAS3 itself. Email is on the contact/about pages; .co.uk redirects to the .com site. Ignore lodge33.com, an unrelated site that uses the same name.",
Letting International Ltd,https://lintgroup.com/,ilford@lintgroup.com,Temporary accommodation,Islington,Islington,commissioning council only,,453e6afa-1ccf-4cdb-9cd5-6c69301f1a75,2017-06-06,web research (medium),"Contracts Finder harvest: Rules 1-3: nightly purchased and PSL temporary accommodation frameworks, multi-supplier; East London letting agent providing temporary housing to local authorities (CH 03425414, Ilford). Now trades as Lint Group; lettinginternational.com redirects there. The Ilford branch email is used because Ilford is the head office.",
Paradigm Housing Group Ltd,https://www.paradigmhousing.co.uk/,contactus@paradigmhousing.co.uk,Temporary accommodation,Islington,Islington,commissioning council only,,453e6afa-1ccf-4cdb-9cd5-6c69301f1a75,2017-06-06,web research (medium),"Contracts Finder harvest: Rules 1-3: nightly purchased and PSL temporary accommodation frameworks, multi-supplier; Registered housing association (~16,000 homes, South East), runs Lea Bridge House hostel in Waltham Forest. Merged with Settle in Oct 2025 and now trades as SettleParadigm.",
Praxis Community Projects,https://www.praxis.org.uk/,admin@praxis.org.uk,Temporary accommodation,Islington,Islington,commissioning council only,,453e6afa-1ccf-4cdb-9cd5-6c69301f1a75,2017-06-06,web research (high),"Contracts Finder harvest: Rules 1-3: nightly purchased and PSL temporary accommodation frameworks, multi-supplier; Migrant and refugee charity (East London) giving advice and support. Ran a housing project for families with no recourse to public funds.",
Shepherds Bush Housing Association,https://www.guinnesspartnership.com/,Contact form: https://www.guinnesspartnership.com/contact-us/general-queries/,Temporary accommodation,Islington,Islington,commissioning council only,,453e6afa-1ccf-4cdb-9cd5-6c69301f1a75,2017-06-06,web research (medium),"Contracts Finder harvest: Rules 1-3: nightly purchased and PSL temporary accommodation frameworks, multi-supplier; Housing association now fully merged into The Guinness Partnership (2023-24); sbhg.co.uk redirects to the Guinness site. The group page is used. Contact form only.",
Theori Housing Management Services Limited,https://theori.co.uk/,info@theori.co.uk,Temporary accommodation,Islington,Islington,commissioning council only,,453e6afa-1ccf-4cdb-9cd5-6c69301f1a75,2017-06-06,web research (high),"Contracts Finder harvest: Rules 1-3: nightly purchased and PSL temporary accommodation frameworks, multi-supplier; Lettings/temporary accommodation provider (nightly emergency, longer-term TA, guaranteed rent) to London authorities (CH 04048450).",
Varosi Estates Ltd T/A Varosi Lettings,https://www.varosilettings.com/,Contact form: http://www.varosilettings.com/Contact-Us,Temporary accommodation,Islington,Islington,commissioning council only,,453e6afa-1ccf-4cdb-9cd5-6c69301f1a75,2017-06-06,web research (medium),"Contracts Finder harvest: Rules 1-3: nightly purchased and PSL temporary accommodation frameworks, multi-supplier; Finsbury Park letting agent supplying temporary accommodation to Islington, Haringey, Enfield and other boroughs (N4). No email found on its own contact page, only a phone number; directories list varosi@varosilettings.co.uk but it is unverified. Contact form only.",
Look Ahead Care and Support,https://www.lookahead.org.uk,getintouch@lookahead.org.uk,RBKC Mental Health Supported Accommodation,Kensington and Chelsea,Kensington and Chelsea,Commissioning council only - no participating authorities named in the notice,,tender_193762/813531,11/03/2020,verified (existing data),,
Turning Point,https://www.turning-point.co.uk,housing@turning-point.co.uk,RBKC Mental Health Supported Accommodation,Kensington and Chelsea,Kensington and Chelsea,Commissioning council only - no participating authorities named in the notice,,tender_193762/813531,11/03/2020,verified (existing data),"Turning Point (England, CH 02166697); previous data pointed at Turning Point Scotland, a different charity",
Refuge,https://refuge.org.uk/,esther_edmund@refuge.org.uk,Domestic Violence Refuges,Kingston upon Thames,Kingston upon Thames,commissioning council only,,0b4f4dbd-17ce-4e62-bfa7-71f150733faf,2017-05-05,verified (existing data),Contracts Finder harvest: Rule 3: single supplier but DV refuges across 2 lots (multiple refuges),
SPEAR,https://www.spearlondon.org/,admin@spearlondon.org,Housing First - Support Provider,Kingston upon Thames,Kingston upon Thames,commissioning council only,,a4c30098-0b14-414c-afb2-28864be61fd8,2023-09-17,web research (high),"Contracts Finder harvest: Rules 1,3: Housing First dispersed specialist units (up to 10); South-west London homelessness charity (SPEAR Housing Association) running outreach, accommodation and Housing First in Kingston. Also lists outreach@spearlondon.org.",
Hestia Housing and Support,https://www.hestia.org,info@hestia.org,Mental Health Housing Related Support Services,Kingston upon Thames,Kingston upon Thames,Commissioning council only - no participating authorities named in the notice,,LBKING001-DN174188-35435248,20/10/2017,verified (existing data),Single-award contract kept: mental health housing pathway for up to 120 people,
Hestia Housing and Support,https://www.hestia.org,info@hestia.org,Mental Health Supported Housing & Floating Support,Kingston upon Thames,Kingston upon Thames,commissioning council only,,d92fa152-b0ce-4dd9-bc30-e1143d83e1c1,2025-03-17,verified (existing data),Contracts Finder harvest: Rule 3: single supplier but supported housing across 10 properties (48 units) plus floating support,
Abacus Care & Support,https://abacuscaresupport.co.uk/,enquiries@abacuscaresupport.co.uk,Re Opening of The Supported Living and Outreach Flexible framework,Kingston upon Thames,Kingston upon Thames,commissioning council only,,5289df6c-0811-41c0-abc0-774c5c5be8a7,2023-12-18,verified (existing data),"Contracts Finder harvest: Rules 1-3: reopened supported living framework incl. accommodation lot, multi-supplier; Supported living contract over £10m - includes housing",
Ability Housing,https://www.ability-housing.co.uk/,contact@ability-housing.co.uk,Re Opening of The Supported Living and Outreach Flexible framework,Kingston upon Thames,Kingston upon Thames,commissioning council only,,5289df6c-0811-41c0-abc0-774c5c5be8a7,2023-12-18,web research (high),"Contracts Finder harvest: Rules 1-3: reopened supported living framework incl. accommodation lot, multi-supplier; Housing association providing accessible housing, supported living and care for people with learning disabilities, mental health needs, physical impairments (Staines, 25 boroughs incl. Kingston). info@ability-housing.co.uk also listed.",
Active Prospects,http://www.activeprospects.org.uk/,info@activeprospects.org.uk,Re Opening of The Supported Living and Outreach Flexible framework,Kingston upon Thames,Kingston upon Thames,commissioning council only,,5289df6c-0811-41c0-abc0-774c5c5be8a7,2023-12-18,verified (existing data),"Contracts Finder harvest: Rules 1-3: reopened supported living framework incl. accommodation lot, multi-supplier",
ALPENBEST CARE,https://alpenbestcare.co.uk/,Contact form: https://alpenbestcare.co.uk/contact/,Re Opening of The Supported Living and Outreach Flexible framework,Kingston upon Thames,Kingston upon Thames,commissioning council only,,5289df6c-0811-41c0-abc0-774c5c5be8a7,2023-12-18,web research (high),"Contracts Finder harvest: Rules 1-3: reopened supported living framework incl. accommodation lot, multi-supplier; Homecare agency (domiciliary/live-in care), Kingston office 8 Princeton Mews KT2 6PT, tel 020 8439 7700. Contact form only - no email published.",Homecare provider that also offers supported living/accommodation
ALWDO ASSIST LTD,https://alwdoassist.co.uk/,info@alwdoassist.co.uk,Re Opening of The Supported Living and Outreach Flexible framework,Kingston upon Thames,Kingston upon Thames,commissioning council only,,5289df6c-0811-41c0-abc0-774c5c5be8a7,2023-12-18,web research (high),"Contracts Finder harvest: Rules 1-3: reopened supported living framework incl. accommodation lot, multi-supplier; Homecare and 24/7 supported living for adults with mental health/complex needs (CH 12376885, Welling DA16).",Homecare provider that also offers supported living/accommodation
Avenues Group,https://www.avenuesgroup.org.uk/,info@avenuesgroup.org.uk,Re Opening of The Supported Living and Outreach Flexible framework,Kingston upon Thames,Kingston upon Thames,commissioning council only,,5289df6c-0811-41c0-abc0-774c5c5be8a7,2023-12-18,verified (existing data),"Contracts Finder harvest: Rules 1-3: reopened supported living framework incl. accommodation lot, multi-supplier; Supported living contract over £10m - includes housing",
Balance (Support) CIO,http://www.balancesupport.org.uk/,info@balancesupport.org.uk,Re Opening of The Supported Living and Outreach Flexible framework,Kingston upon Thames,Kingston upon Thames,commissioning council only,,5289df6c-0811-41c0-abc0-774c5c5be8a7,2023-12-18,verified (existing data),"Contracts Finder harvest: Rules 1-3: reopened supported living framework incl. accommodation lot, multi-supplier",
Cardea Healthcare,https://www.cardeahealthcare.co.uk/,berkshire@cardeahealthcare.co.uk,Re Opening of The Supported Living and Outreach Flexible framework,Kingston upon Thames,Kingston upon Thames,commissioning council only,,5289df6c-0811-41c0-abc0-774c5c5be8a7,2023-12-18,web research (medium),"Contracts Finder harvest: Rules 1-3: reopened supported living framework incl. accommodation lot, multi-supplier; Homecare, supported living and social care recruitment (staffing) company; Berkshire branch at Uxbridge covers West London. Multiple Cardea entities exist (Cardea Healthcare Ltd CH 10488415, Gateshead), so branch holding Kingston award not certain.",
CarePlus Healthcare Service,https://careplushealthcare.uk/,enquiries@careplushealthcare.uk,Re Opening of The Supported Living and Outreach Flexible framework,Kingston upon Thames,Kingston upon Thames,commissioning council only,,5289df6c-0811-41c0-abc0-774c5c5be8a7,2023-12-18,web research (medium),"Contracts Finder harvest: Rules 1-3: reopened supported living framework incl. accommodation lot, multi-supplier; Homecare/nursing agency with supported living (CarePlus Healthcare Services Ltd, CH 08838967, Woolwich SE18). info@careplushealthcare.uk also listed. Name match to Kingston award not independently confirmed.",Homecare provider that also offers supported living/accommodation
CareTech Community Services Ltd,https://www.caretech-uk.com,info@caretech-uk.com,Re Opening of The Supported Living and Outreach Flexible framework,Kingston upon Thames,Kingston upon Thames,commissioning council only,,5289df6c-0811-41c0-abc0-774c5c5be8a7,2023-12-18,verified (existing data),"Contracts Finder harvest: Rules 1-3: reopened supported living framework incl. accommodation lot, multi-supplier",
Chosen Care Group Limited,http://www.chosencaregroup.com/,info@chosencaregroup.com,Re Opening of The Supported Living and Outreach Flexible framework,Kingston upon Thames,Kingston upon Thames,commissioning council only,,5289df6c-0811-41c0-abc0-774c5c5be8a7,2023-12-18,verified (existing data),"Contracts Finder harvest: Rules 1-3: reopened supported living framework incl. accommodation lot, multi-supplier; Supported living contract over £10m - includes housing",
Comfort Care Services Ltd,https://comfortcareservices.com/,referrals@comfortcareservices.com,Re Opening of The Supported Living and Outreach Flexible framework,Kingston upon Thames,Kingston upon Thames,commissioning council only,,5289df6c-0811-41c0-abc0-774c5c5be8a7,2023-12-18,web research (high),"Contracts Finder harvest: Rules 1-3: reopened supported living framework incl. accommodation lot, multi-supplier; Supported living and specialist mental health care provider, SW London/Berkshire/Surrey (Comfort Care Services (UK) Ltd, CH 05153873 per site footer). enquiries@comfortcareservices.com also listed.","homecare and housing both on homepage (homecare 3, housing 47)"
CTRC services,https://www.ctrcservices.com/,Contact form: https://www.ctrcservices.com/contact-us/,Re Opening of The Supported Living and Outreach Flexible framework,Kingston upon Thames,Kingston upon Thames,commissioning council only,,5289df6c-0811-41c0-abc0-774c5c5be8a7,2023-12-18,web research (high),"Contracts Finder harvest: Rules 1-3: reopened supported living framework incl. accommodation lot, multi-supplier; Care and support CIC (CTRC CIC, CH 07685609, West Drayton): supported living, outreach, respite for adults with disabilities. Contact form only; tel 01895 440831.",
Daret healthcare,https://www.darethealthcare.co.uk/,info@darethealthcare.co.uk,Re Opening of The Supported Living and Outreach Flexible framework,Kingston upon Thames,Kingston upon Thames,commissioning council only,,5289df6c-0811-41c0-abc0-774c5c5be8a7,2023-12-18,web research (high),"Contracts Finder harvest: Rules 1-3: reopened supported living framework incl. accommodation lot, multi-supplier; Homecare agency with supported living services, since 2007 (Darethealthcare UK Ltd, CH 05963297, Thamesmead).",
Delphinus Healthcare Limited,https://www.delphinushealthcare.com/,delphinushealthcare@gmail.com,Re Opening of The Supported Living and Outreach Flexible framework,Kingston upon Thames,Kingston upon Thames,commissioning council only,,5289df6c-0811-41c0-abc0-774c5c5be8a7,2023-12-18,web research (high),"Contracts Finder harvest: Rules 1-3: reopened supported living framework incl. accommodation lot, multi-supplier; 24/7 mental health supported living accommodation provider (CH 13281676, SW14; houses in New Malden). Only published email is a gmail address.",
Elite Careplus Ltd,https://elitecareplus.co.uk/,info@elitecareplus.co.uk,Re Opening of The Supported Living and Outreach Flexible framework,Kingston upon Thames,Kingston upon Thames,commissioning council only,,5289df6c-0811-41c0-abc0-774c5c5be8a7,2023-12-18,web research (high),"Contracts Finder harvest: Rules 1-3: reopened supported living framework incl. accommodation lot, multi-supplier; Domiciliary/live-in homecare agency with supported living and complex care (CH 09379472, Wallington SM6).","homecare and housing both on homepage (homecare 10, housing 16)"
EnhanceAble,http://www.enhanceable.org/,stephanay.ewuzie@enhanceable.org,Re Opening of The Supported Living and Outreach Flexible framework,Kingston upon Thames,Kingston upon Thames,commissioning council only,,5289df6c-0811-41c0-abc0-774c5c5be8a7,2023-12-18,verified (existing data),"Contracts Finder harvest: Rules 1-3: reopened supported living framework incl. accommodation lot, multi-supplier",
Hestia Housing and Support,https://www.hestia.org,info@hestia.org,Re Opening of The Supported Living and Outreach Flexible framework,Kingston upon Thames,Kingston upon Thames,commissioning council only,,5289df6c-0811-41c0-abc0-774c5c5be8a7,2023-12-18,verified (existing data),"Contracts Finder harvest: Rules 1-3: reopened supported living framework incl. accommodation lot, multi-supplier",
Hft,https://www.hft.org.uk,hello@hft.org.uk,Re Opening of The Supported Living and Outreach Flexible framework,Kingston upon Thames,Kingston upon Thames,commissioning council only,,5289df6c-0811-41c0-abc0-774c5c5be8a7,2023-12-18,verified (existing data),"Contracts Finder harvest: Rules 1-3: reopened supported living framework incl. accommodation lot, multi-supplier",
Lifeways Community Care,https://www.lifeways.co.uk,LWSreferrals@Lifeways.co.uk,Re Opening of The Supported Living and Outreach Flexible framework,Kingston upon Thames,Kingston upon Thames,commissioning council only,,5289df6c-0811-41c0-abc0-774c5c5be8a7,2023-12-18,verified (existing data),"Contracts Finder harvest: Rules 1-3: reopened supported living framework incl. accommodation lot, multi-supplier",
Look Ahead Housing and Care,https://www.lookahead.org.uk,getintouch@lookahead.org.uk,Re Opening of The Supported Living and Outreach Flexible framework,Kingston upon Thames,Kingston upon Thames,commissioning council only,,5289df6c-0811-41c0-abc0-774c5c5be8a7,2023-12-18,verified (existing data),"Contracts Finder harvest: Rules 1-3: reopened supported living framework incl. accommodation lot, multi-supplier",
MidCo Care Limited,http://www.midco-care.co.uk/,info@midco-care.co.uk,Re Opening of The Supported Living and Outreach Flexible framework,Kingston upon Thames,Kingston upon Thames,commissioning council only,,5289df6c-0811-41c0-abc0-774c5c5be8a7,2023-12-18,verified (existing data),"Contracts Finder harvest: Rules 1-3: reopened supported living framework incl. accommodation lot, multi-supplier","homecare and housing both on homepage (homecare 12, housing 18)"
New Directions Flexible Social Care Solutions Ltd,https://ivolve.care/,enquiries@ivolve.care,Re Opening of The Supported Living and Outreach Flexible framework,Kingston upon Thames,Kingston upon Thames,commissioning council only,,5289df6c-0811-41c0-abc0-774c5c5be8a7,2023-12-18,web research (medium),"Contracts Finder harvest: Rules 1-3: reopened supported living framework incl. accommodation lot, multi-supplier; New Directions was integrated into ivolve Care & Support (with Heathcotes and TLC) in Jan 2023. Its CH registered office (Royal Court, Basil Close, Chesterfield) is the ivolve address. No standalone site; the existing values were a job directory and a Kingston council email. referrals@ivolve.care is also listed.",
Novo Healthcare Limited,https://novohealthcare.co.uk/,info@novohealthcare.co.uk,Re Opening of The Supported Living and Outreach Flexible framework,Kingston upon Thames,Kingston upon Thames,commissioning council only,,5289df6c-0811-41c0-abc0-774c5c5be8a7,2023-12-18,web research (medium),"Contracts Finder harvest: Rules 1-3: reopened supported living framework incl. accommodation lot, multi-supplier; Healthcare staffing agency plus domiciliary care and supported accommodation (CH 12382644; Croydon and Leeds offices). Mainly staffing.","homecare and housing both on homepage (homecare 9, housing 7)"
NWANDO DOMICILIARY CARE,https://www.nwandocare.co.uk/,info@nwandocare.co.uk,Re Opening of The Supported Living and Outreach Flexible framework,Kingston upon Thames,Kingston upon Thames,commissioning council only,,5289df6c-0811-41c0-abc0-774c5c5be8a7,2023-12-18,web research (high),"Contracts Finder harvest: Rules 1-3: reopened supported living framework incl. accommodation lot, multi-supplier; Domiciliary care agency (Nwando Care Ltd, formerly Nwando Domiciliary Care Ltd, CH 08142258), North London; also adults' and children's homes. partnerships@nwandocare.co.uk also listed.",Homecare provider that also offers supported living/accommodation
Onecare-uk,http://www.onecare-uk.com/,info@onecare-uk.com,Re Opening of The Supported Living and Outreach Flexible framework,Kingston upon Thames,Kingston upon Thames,commissioning council only,,5289df6c-0811-41c0-abc0-774c5c5be8a7,2023-12-18,verified (existing data),"Contracts Finder harvest: Rules 1-3: reopened supported living framework incl. accommodation lot, multi-supplier",Homecare provider that also offers supported living/accommodation
Royal Mencap Society,https://www.mencap.org.uk,information@mencap.org.uk,Re Opening of The Supported Living and Outreach Flexible framework,Kingston upon Thames,Kingston upon Thames,commissioning council only,,5289df6c-0811-41c0-abc0-774c5c5be8a7,2023-12-18,verified (existing data),"Contracts Finder harvest: Rules 1-3: reopened supported living framework incl. accommodation lot, multi-supplier; Supported living contract over £10m - includes housing",
Southcroft healthcare lodge Ltd,https://southcroftlodge.co.uk/,info@southcroftlodge.co.uk,Re Opening of The Supported Living and Outreach Flexible framework,Kingston upon Thames,Kingston upon Thames,commissioning council only,,5289df6c-0811-41c0-abc0-774c5c5be8a7,2023-12-18,web research (high),"Contracts Finder harvest: Rules 1-3: reopened supported living framework incl. accommodation lot, multi-supplier; Single-award contract kept: 2 supported housing properties; Site names Southcroft Healthcare Lodge Ltd (Companies House 12951105, CQC provider 1-21744538005). Head office 1A Kempshott Road, Streatham SW16 5LG; tel 0208 764 9888. A referral/enquiry form is also on the homepage.",
Sunset Rehabiltation Healthcare Centre and Trading Associates Lt,https://www.sunsetrehabilitation.co.uk/,info@sunsetrehabilitation.co.uk,Re Opening of The Supported Living and Outreach Flexible framework,Kingston upon Thames,Kingston upon Thames,commissioning council only,,5289df6c-0811-41c0-abc0-774c5c5be8a7,2023-12-18,web research (high),"Contracts Finder harvest: Rules 1-3: reopened supported living framework incl. accommodation lot, multi-supplier; 24/7 supported accommodation/rehab for mental health, addiction and offender rehabilitation, New Malden KT3 (CH 13861024; same address as site).",
Thanet Healthcare,https://thanethealthcare.co.uk/,info@thanethealthcare.com,Re Opening of The Supported Living and Outreach Flexible framework,Kingston upon Thames,Kingston upon Thames,commissioning council only,,5289df6c-0811-41c0-abc0-774c5c5be8a7,2023-12-18,web research (medium),"Contracts Finder harvest: Rules 1-3: reopened supported living framework incl. accommodation lot, multi-supplier; Mental health supported accommodation / care homes for 16+ and adults (Thanet Healthcare Ltd, CH 06835124, Streatham; formerly Buxton Healthcare). Email domain is .com while site is .co.uk, as published.",
VERITY GROUP LIMITED,https://verityhealthcare.co.uk/,enquiries@verityhealthcare.co.uk,Re Opening of The Supported Living and Outreach Flexible framework,Kingston upon Thames,Kingston upon Thames,commissioning council only,,5289df6c-0811-41c0-abc0-774c5c5be8a7,2023-12-18,web research (medium),"Contracts Finder harvest: Rules 1-3: reopened supported living framework incl. accommodation lot, multi-supplier; Parent company (CH 10215923) of Verity Healthcare Ltd; same directors (Ofori-Kyereh), site footer names Verity Group Limited as parent. Homecare agency with supported living plus recruitment arm. theveritygroup.com is an unrelated US firm.",Homecare provider that also offers supported living/accommodation
Voyage,https://www.voyagecare.com/,referrals@voyagecare.com,Re Opening of The Supported Living and Outreach Flexible framework,Kingston upon Thames,Kingston upon Thames,commissioning council only,,5289df6c-0811-41c0-abc0-774c5c5be8a7,2023-12-18,web research (high),"Contracts Finder harvest: Rules 1-3: reopened supported living framework incl. accommodation lot, multi-supplier; Existing email correct; website changed from an autism.org.uk directory listing to the Voyage Care homepage.",
YOUNIQUE Care,https://www.youniquecare.co.uk/,Contact form: https://www.youniquecare.co.uk/contact,Re Opening of The Supported Living and Outreach Flexible framework,Kingston upon Thames,Kingston upon Thames,commissioning council only,,5289df6c-0811-41c0-abc0-774c5c5be8a7,2023-12-18,web research (high),"Contracts Finder harvest: Rules 1-3: reopened supported living framework incl. accommodation lot, multi-supplier; Supported living and live-in care agency (Younique Care Ltd, CH 11804727, Park Royal NW10). Contact form only. (youniquecare.org is an unrelated Australian provider.)","homecare and housing both on homepage (homecare 5, housing 13)"
Kingston Churches Action on Homelessness,https://kcah.org.uk/,enquiries@kcah.org.uk,Single Homeless Pathways,Kingston upon Thames,Kingston upon Thames,commissioning council only,,1e2b49e4-3bef-4ef0-b105-383dbfb1d412,2017-09-20,web research (high),"Contracts Finder harvest: Borough-wide single homeless pathway incl. pathway accommodation provided by supplier (rule 1; rule 3 borough-wide pathway); Homelessness charity for single homeless people in Kingston (housing crisis service, supported accommodation/lettings). Company 03735702, St Peter's Church Hall KT2.",
Ability Housing Association,https://www.ability-housing.co.uk/,contact@ability-housing.co.uk,Supported Living & Outreach Flexible Framework,Kingston upon Thames,Kingston upon Thames,"Commissioning council only - no other authority evidenced. CF LBKING001-DN500852-38659081 and FTS 017999-2021 name Kingston as the sole party: 'a Flexible Framework Agreement ... under which it [Kingston] can call off'. Richmond does not appear anywhere. FTS tags Kingston with the role 'centralPurchasingBody', but the notice names no other authority.",,LBKING001-DN500852-38659081,09/05/2021,verified (existing data),,
Active Prospects,http://www.activeprospects.org.uk/,info@activeprospects.org.uk,Supported Living & Outreach Flexible Framework,Kingston upon Thames,Kingston upon Thames,"Commissioning council only - no other authority evidenced. CF LBKING001-DN500852-38659081 and FTS 017999-2021 name Kingston as the sole party: 'a Flexible Framework Agreement ... under which it [Kingston] can call off'. Richmond does not appear anywhere. FTS tags Kingston with the role 'centralPurchasingBody', but the notice names no other authority.",,LBKING001-DN500852-38659081,09/05/2021,verified (existing data),,
Alpenbest Limited,http://alpenbestcare.co.uk/,service@alpenbestcare.co.uk,Supported Living & Outreach Flexible Framework,Kingston upon Thames,Kingston upon Thames,"Commissioning council only - no other authority evidenced. CF LBKING001-DN500852-38659081 and FTS 017999-2021 name Kingston as the sole party: 'a Flexible Framework Agreement ... under which it [Kingston] can call off'. Richmond does not appear anywhere. FTS tags Kingston with the role 'centralPurchasingBody', but the notice names no other authority.",,LBKING001-DN500852-38659081,09/05/2021,verified (existing data),,Homecare provider that also offers supported living/accommodation
Avenues London,https://www.avenuesgroup.org.uk/about-us/where-we-work/london/,info@avenuesgroup.org.uk,Supported Living & Outreach Flexible Framework,Kingston upon Thames,Kingston upon Thames,"Commissioning council only - no other authority evidenced. CF LBKING001-DN500852-38659081 and FTS 017999-2021 name Kingston as the sole party: 'a Flexible Framework Agreement ... under which it [Kingston] can call off'. Richmond does not appear anywhere. FTS tags Kingston with the role 'centralPurchasingBody', but the notice names no other authority.",,LBKING001-DN500852-38659081,09/05/2021,web research (medium),"Avenues London is the London subsidiary of Avenues Group (charity) with no site of its own; using the group's London page. info@avenuesgroup.org.uk is listed as the general enquiries address on the group's contact page according to search results; the site blocked direct fetching (bot challenge), so it was not seen first-hand. The existing Greenwich directory URL was wrong.",
Balance (Support) CIO,http://www.balancesupport.org.uk/,info@balancesupport.org.uk,Supported Living & Outreach Flexible Framework,Kingston upon Thames,Kingston upon Thames,"Commissioning council only - no other authority evidenced. CF LBKING001-DN500852-38659081 and FTS 017999-2021 name Kingston as the sole party: 'a Flexible Framework Agreement ... under which it [Kingston] can call off'. Richmond does not appear anywhere. FTS tags Kingston with the role 'centralPurchasingBody', but the notice names no other authority.",,LBKING001-DN500852-38659081,09/05/2021,verified (existing data),,
CareTech Community Services Limited,https://www.caretech-uk.com,info@caretech-uk.com,Supported Living & Outreach Flexible Framework,Kingston upon Thames,Kingston upon Thames,"Commissioning council only - no other authority evidenced. CF LBKING001-DN500852-38659081 and FTS 017999-2021 name Kingston as the sole party: 'a Flexible Framework Agreement ... under which it [Kingston] can call off'. Richmond does not appear anywhere. FTS tags Kingston with the role 'centralPurchasingBody', but the notice names no other authority.",,LBKING001-DN500852-38659081,09/05/2021,verified (existing data),,
Chosen Care Group Limited,http://www.chosencaregroup.com/,info@chosencaregroup.com,Supported Living & Outreach Flexible Framework,Kingston upon Thames,Kingston upon Thames,"Commissioning council only - no other authority evidenced. CF LBKING001-DN500852-38659081 and FTS 017999-2021 name Kingston as the sole party: 'a Flexible Framework Agreement ... under which it [Kingston] can call off'. Richmond does not appear anywhere. FTS tags Kingston with the role 'centralPurchasingBody', but the notice names no other authority.",,LBKING001-DN500852-38659081,09/05/2021,verified (existing data),,
Comfort Care Services (UK) Ltd,http://www.comfortcareservices.com/,enquiries@comfortcareservices.com,Supported Living & Outreach Flexible Framework,Kingston upon Thames,Kingston upon Thames,"Commissioning council only - no other authority evidenced. CF LBKING001-DN500852-38659081 and FTS 017999-2021 name Kingston as the sole party: 'a Flexible Framework Agreement ... under which it [Kingston] can call off'. Richmond does not appear anywhere. FTS tags Kingston with the role 'centralPurchasingBody', but the notice names no other authority.",,LBKING001-DN500852-38659081,09/05/2021,verified (existing data),,"homecare and housing both on homepage (homecare 3, housing 47)"
CTRC Community Interest Company,https://www.ctrcservices.com/,Contact form: https://www.ctrcservices.com/contact,Supported Living & Outreach Flexible Framework,Kingston upon Thames,Kingston upon Thames,"Commissioning council only - no other authority evidenced. CF LBKING001-DN500852-38659081 and FTS 017999-2021 name Kingston as the sole party: 'a Flexible Framework Agreement ... under which it [Kingston] can call off'. Richmond does not appear anywhere. FTS tags Kingston with the role 'centralPurchasingBody', but the notice names no other authority.",,LBKING001-DN500852-38659081,09/05/2021,web research (medium),"Website correct (CTRC = Community Training and Respite Care CIC, CH 07685609, West Drayton). No email is published on the homepage, contact or about pages; contact is by phone 01895 440831.",
EnhanceAble,http://www.enhanceable.org/,stephanay.ewuzie@enhanceable.org,Supported Living & Outreach Flexible Framework,Kingston upon Thames,Kingston upon Thames,"Commissioning council only - no other authority evidenced. CF LBKING001-DN500852-38659081 and FTS 017999-2021 name Kingston as the sole party: 'a Flexible Framework Agreement ... under which it [Kingston] can call off'. Richmond does not appear anywhere. FTS tags Kingston with the role 'centralPurchasingBody', but the notice names no other authority.",,LBKING001-DN500852-38659081,09/05/2021,verified (existing data),,
HF Trust Ltd,https://www.hft.org.uk,hello@hft.org.uk,Supported Living & Outreach Flexible Framework,Kingston upon Thames,Kingston upon Thames,"Commissioning council only - no other authority evidenced. CF LBKING001-DN500852-38659081 and FTS 017999-2021 name Kingston as the sole party: 'a Flexible Framework Agreement ... under which it [Kingston] can call off'. Richmond does not appear anywhere. FTS tags Kingston with the role 'centralPurchasingBody', but the notice names no other authority.",,LBKING001-DN500852-38659081,09/05/2021,verified (existing data),,
Lifeways Community Care Ltd,https://www.lifeways.co.uk,LWSreferrals@Lifeways.co.uk,Supported Living & Outreach Flexible Framework,Kingston upon Thames,Kingston upon Thames,"Commissioning council only - no other authority evidenced. CF LBKING001-DN500852-38659081 and FTS 017999-2021 name Kingston as the sole party: 'a Flexible Framework Agreement ... under which it [Kingston] can call off'. Richmond does not appear anywhere. FTS tags Kingston with the role 'centralPurchasingBody', but the notice names no other authority.",,LBKING001-DN500852-38659081,09/05/2021,verified (existing data),,
Look Ahead Care and Support Ltd.,http://www.lookahead.org.uk/,getintouch@lookahead.org.uk,Supported Living & Outreach Flexible Framework,Kingston upon Thames,Kingston upon Thames,"Commissioning council only - no other authority evidenced. CF LBKING001-DN500852-38659081 and FTS 017999-2021 name Kingston as the sole party: 'a Flexible Framework Agreement ... under which it [Kingston] can call off'. Richmond does not appear anywhere. FTS tags Kingston with the role 'centralPurchasingBody', but the notice names no other authority.",,LBKING001-DN500852-38659081,09/05/2021,verified (existing data),,
MidCo Care Ltd,http://www.midco-care.co.uk/,info@midco-care.co.uk,Supported Living & Outreach Flexible Framework,Kingston upon Thames,Kingston upon Thames,"Commissioning council only - no other authority evidenced. CF LBKING001-DN500852-38659081 and FTS 017999-2021 name Kingston as the sole party: 'a Flexible Framework Agreement ... under which it [Kingston] can call off'. Richmond does not appear anywhere. FTS tags Kingston with the role 'centralPurchasingBody', but the notice names no other authority.",,LBKING001-DN500852-38659081,09/05/2021,verified (existing data),,"homecare and housing both on homepage (homecare 12, housing 18)"
New Directions Flexible Social Care Solutions Ltd,https://ivolve.care/,enquiries@ivolve.care,Supported Living & Outreach Flexible Framework,Kingston upon Thames,Kingston upon Thames,"Commissioning council only - no other authority evidenced. CF LBKING001-DN500852-38659081 and FTS 017999-2021 name Kingston as the sole party: 'a Flexible Framework Agreement ... under which it [Kingston] can call off'. Richmond does not appear anywhere. FTS tags Kingston with the role 'centralPurchasingBody', but the notice names no other authority.",,LBKING001-DN500852-38659081,09/05/2021,web research (medium),"New Directions was integrated into ivolve Care & Support (with Heathcotes and TLC) in Jan 2023. Its CH registered office (Royal Court, Basil Close, Chesterfield) is the ivolve address. No standalone site; the existing values were a job directory and a Kingston council email. referrals@ivolve.care is also listed.",
Royal Mencap Society,https://www.mencap.org.uk,information@mencap.org.uk,Supported Living & Outreach Flexible Framework,Kingston upon Thames,Kingston upon Thames,"Commissioning council only - no other authority evidenced. CF LBKING001-DN500852-38659081 and FTS 017999-2021 name Kingston as the sole party: 'a Flexible Framework Agreement ... under which it [Kingston] can call off'. Richmond does not appear anywhere. FTS tags Kingston with the role 'centralPurchasingBody', but the notice names no other authority.",,LBKING001-DN500852-38659081,09/05/2021,verified (existing data),,
Voyage 1 Limited,https://www.voyagecare.com,referrals@voyagecare.com,Supported Living & Outreach Flexible Framework,Kingston upon Thames,Kingston upon Thames,"Commissioning council only - no other authority evidenced. CF LBKING001-DN500852-38659081 and FTS 017999-2021 name Kingston as the sole party: 'a Flexible Framework Agreement ... under which it [Kingston] can call off'. Richmond does not appear anywhere. FTS tags Kingston with the role 'centralPurchasingBody', but the notice names no other authority.",,LBKING001-DN500852-38659081,09/05/2021,verified (existing data),,
SHP (Single Homeless Project),https://www.shp.org.uk/,info@shp.org.uk,L3 Young Person Assessment Centre & Next Step Care Lever Service,Lewisham,Lewisham,commissioning council only,,2ce01a33-03d3-4b12-a541-3d3767f6d222,2021-12-31,web research (high),"Contracts Finder harvest: Rule 3: single supplier but assessment centre and care leaver accommodation across buildings; Single-award contract kept: single adults supported housing pathway; General enquiries email per contact page (tel 0204 509 8300, 245 Gray's Inn Road WC1X 8QY). No separate referrals email published; homelessness referrals are pointed to the Get Help page / StreetLink.",
Hestia Housing and Support,https://www.hestia.org,info@hestia.org,Mental Health Supported Housing Higher Needs,Lewisham,Lewisham,Commissioning council only - no participating authorities named in the notice,,LEWISHAM001-DN663994-44521276,05/03/2024,verified (existing data),Single-award contract kept: mental health supported housing pathway,
SHP Single Homeless Project,https://www.shp.org.uk/,info@shp.org.uk,Single Adults Supported Housing Community Recovery Service,Lewisham,Lewisham,Commissioning council only - no participating authorities named in the notice,,LEWISHAM001-DN558018-60085587,03/02/2022,web research (high),"Single-award contract kept: single adults supported housing pathway; General enquiries email per contact page (tel 0204 509 8300, 245 Gray's Inn Road WC1X 8QY). No separate referrals email published; homelessness referrals are pointed to the Get Help page / StreetLink.",
Nacro,https://www.nacro.org.uk/,contactus@nacro.org.uk,Supported Accommodation for Children Looked After and Care Leavers,Lewisham,Lewisham,Commissioning council only - no participating authorities named in the notice,,LEWISHAM001-DN702953-12718991,20/06/2024,web research (high),"Single-award contract kept: supported accommodation for looked after children and care leavers (borough-wide); General contact email on Nacro contact page (others there are HR, media, recruitment, complaints, leasing, helpline).",
SHP (Single Homeless Project),https://www.shp.org.uk/,info@shp.org.uk,Young Person Assessment Centre & Next Step Care Lever Service,Lewisham,Lewisham,Commissioning council only - no participating authorities named in the notice,,LEWISHAM001-DN557986-03878574,31/12/2021,web research (high),"Single-award contract kept: assessment centre and care leaver accommodation across several buildings; General enquiries email per contact page (tel 0204 509 8300, 245 Gray's Inn Road WC1X 8QY). No separate referrals email published; homelessness referrals are pointed to the Get Help page / StreetLink.",
Housing Action Management,https://www.housingactionmanagement.com/,info@housingactionmanagement.co.uk,CAS3 National Roll Out - London North Central,London North Central (MoJ CAS3),Westminster; Camden; Islington; Enfield; Barnet; Haringey,"MoJ CAS3 National Roll Out tender notice (FTS 2022/S 000-013218, May 2022) states the London procurement has 5 sub-lots and lists 'London North Central: Westminster, Camden, Islington, Enfield, Barnet, Haringey'. The Contracts Finder award tender_295407/1211340 (Housing Action Management, 'Lot 10 London North Central', contract 18 Apr 2023 - 18 Apr 2028) is the award from this tender (lot 10 = London North Central in the notice's lot list). The five sub-lot lists together cover all 32 boroughs plus the City exactly once.",,tender_295407/1211340,18/04/2023,web research (medium),"Single-award contract kept: prison leaver accommodation across the region; Housing Action Management Ltd (07559799, active, 73 Cornhill EC3V 3QQ). A London temporary-accommodation provider and a named MoJ CAS3 awardee (KSS region, May 2024), managing 551 London CAS3 units. The site doesn't mention CAS3 itself. Email is on the contact/about pages; .co.uk redirects to the .com site. Ignore lodge33.com, an unrelated site that uses the same name.",
Housing Action Management,https://www.housingactionmanagement.com/,info@housingactionmanagement.co.uk,CAS3 National Roll Out - London North East,London North East (MoJ CAS3),City of London; Hackney; Newham; Tower Hamlets; Waltham Forest; Redbridge; Havering; Barking and Dagenham,"FTS 2022/S 000-013218 lists 'London NE: City of London, Hackney, Newham, Tower Hamlets, Waltham Forest, Redbridge, Havering, Barking & Dagenham'. CF award tender_295407/1211354 (Housing Action Management, 'Lot 8 North East London', 18 Apr 2023 - 18 Apr 2028) is from this tender. Note: the notice's lot numbering lists LNE as item 9 while the CF contract attachment is titled Lot 8; the borough list is unaffected.",,tender_295407/1211354,18/04/2023,web research (medium),"Single-award contract kept: prison leaver accommodation across the region; Housing Action Management Ltd (07559799, active, 73 Cornhill EC3V 3QQ). A London temporary-accommodation provider and a named MoJ CAS3 awardee (KSS region, May 2024), managing 551 London CAS3 units. The site doesn't mention CAS3 itself. Email is on the contact/about pages; .co.uk redirects to the .com site. Ignore lodge33.com, an unrelated site that uses the same name.",
Housing Action Management,https://www.housingactionmanagement.com/,info@housingactionmanagement.co.uk,CAS3 National Roll Out - London North West,London North West (MoJ CAS3),Brent; Ealing; Hammersmith and Fulham; Kensington and Chelsea; Hillingdon; Harrow; Hounslow,"FTS 2022/S 000-013218 lists 'London NW: West: Brent, Ealing, Hammersmith & Fulham, Kensington & Chelsea, Hillingdon, Harrow, Hounslow'. CF award tender_295407/1211359 (Housing Action Management, 'Lot 9 North West London', 17 Apr 2023 - 17 Apr 2028) is from this tender. Westminster sits in North Central, not North West, in this lotting.",,tender_295407/1211359,17/04/2023,web research (medium),"Single-award contract kept: prison leaver accommodation across the region; Housing Action Management Ltd (07559799, active, 73 Cornhill EC3V 3QQ). A London temporary-accommodation provider and a named MoJ CAS3 awardee (KSS region, May 2024), managing 551 London CAS3 units. The site doesn't mention CAS3 itself. Email is on the contact/about pages; .co.uk redirects to the .com site. Ignore lodge33.com, an unrelated site that uses the same name.",
Housing Action Management,https://www.housingactionmanagement.com/,info@housingactionmanagement.co.uk,CAS3 National Roll Out - London South East,London South East (MoJ CAS3),Lambeth; Southwark; Lewisham; Greenwich; Bexley; Bromley,"FTS 2022/S 000-013218 lists 'London SE: Lambeth, Southwark, Lewisham, Greenwich, Bexley, Bromley'. CF award tender_295407/1212183 (Housing Action Management, 'Lot 7 South East London', 17 Apr 2023 - 17 Apr 2028) is from this tender.",,tender_295407/1212183,17/04/2023,web research (medium),"Single-award contract kept: prison leaver accommodation across the region; Housing Action Management Ltd (07559799, active, 73 Cornhill EC3V 3QQ). A London temporary-accommodation provider and a named MoJ CAS3 awardee (KSS region, May 2024), managing 551 London CAS3 units. The site doesn't mention CAS3 itself. Email is on the contact/about pages; .co.uk redirects to the .com site. Ignore lodge33.com, an unrelated site that uses the same name.",
Housing Action Management,https://www.housingactionmanagement.com/,info@housingactionmanagement.co.uk,CAS3 National Roll Out - London South West,London South West (MoJ CAS3),Richmond upon Thames; Wandsworth; Croydon; Sutton; Merton; Kingston upon Thames,"FTS 2022/S 000-013218 lists 'London SW: Richmond, Wandsworth, Croydon, Sutton, Merton, Kingston'. CF award tender_295407/1212181 (Housing Action Management, 'Lot 6 South West London', 17 Apr 2023 - 17 Apr 2028) is from this tender.",,tender_295407/1212181,17/04/2023,web research (medium),"Single-award contract kept: prison leaver accommodation across the region; Housing Action Management Ltd (07559799, active, 73 Cornhill EC3V 3QQ). A London temporary-accommodation provider and a named MoJ CAS3 awardee (KSS region, May 2024), managing 551 London CAS3 units. The site doesn't mention CAS3 itself. Email is on the contact/about pages; .co.uk redirects to the .com site. Ignore lodge33.com, an unrelated site that uses the same name.",
Hestia Housing and Support,https://www.hestia.org,info@hestia.org,Domestic Violence and Abuse Service,Merton,Merton,commissioning council only,,fa6ef1b0-448e-4009-a677-e10122ff96e7,2019-04-09,verified (existing data),Contracts Finder harvest: Multi-supplier award; Lot 2 women's refuge housing-related support (rule 1 refuge; rule 3 multi-supplier),
Evolve Housing + Support,https://www.evolvehousing.org.uk/,enquiries@evolvehousing.org.uk,Multi Lots 1-4 Housing Related Support Services,Merton,Merton,Commissioning council only - no participating authorities named in the notice,,MRTN001-DN745000-98157288,23/04/2025,verified (existing data),,
Hestia Housing and Support,https://www.hestia.org,info@hestia.org,Multi Lots 1-4 Housing Related Support Services,Merton,Merton,Commissioning council only - no participating authorities named in the notice,,MRTN001-DN745000-98157288,23/04/2025,verified (existing data),,
YMCA St Pauls Group,https://ymcastpaulsgroup.org/,enquiries@ymcaspg.org,Multi Lots 1-4 Housing Related Support Services,Merton,Merton,Commissioning council only - no participating authorities named in the notice,,MRTN001-DN745000-98157288,23/04/2025,web research (high),Existing values correct; enquiries@ymcaspg.org is published on the group's own contact page.,
ABC Housing,https://www.abchousing.org/,info@abchousing.org,Commissioning Homes for Children Looked After and Care leavers PDPS - Lot 1,Newham,Newham,"Commissioning council only for Lot 1, because the only access clause is a generic 'any public body' one. FTS 015375-2021 and later round notices (e.g. 015241-2026) say the PDPS 'is open for use to ... any Public Body outlined in either Part I or Part II of the Local Authorities (Goods and Services) (Public Bodies) Order 1972' and is 'for the benefit of the Authority and the Partner Organisations', without naming partners. Named joiners exist for other lots only. Waltham Forest's Cabinet report (11 Jan 2024) joined Lots 2 and 4 (children's homes and fostering agencies) and explicitly excluded 16+ semi-independent. Hackney decision CE S211 sought to join for fostering agencies and children's homes, and records that Waltham Forest, Barking and Dagenham, Redbridge, Havering, Tower Hamlets, Greenwich and Milton Keynes 'indicated their intention to join' the DPS, but not specifically Lot 1.",15129002,ITTN247,18/02/2025,web research (medium),"ABC Housing provides Ofsted-registered semi-independent accommodation for looked-after young people across London boroughs. CH 15129002 (ABC Housing Ltd) was incorporated Sep 2023, while the site says services since 2012; no company number appears on the site to confirm the match.",
Alpha Care Service Ltd,https://www.alphacareservice.co.uk/,referrals@alphacareservice.co.uk,Commissioning Homes for Children Looked After and Care leavers PDPS - Lot 1,Newham,Newham,"Commissioning council only for Lot 1, because the only access clause is a generic 'any public body' one. FTS 015375-2021 and later round notices (e.g. 015241-2026) say the PDPS 'is open for use to ... any Public Body outlined in either Part I or Part II of the Local Authorities (Goods and Services) (Public Bodies) Order 1972' and is 'for the benefit of the Authority and the Partner Organisations', without naming partners. Named joiners exist for other lots only. Waltham Forest's Cabinet report (11 Jan 2024) joined Lots 2 and 4 (children's homes and fostering agencies) and explicitly excluded 16+ semi-independent. Hackney decision CE S211 sought to join for fostering agencies and children's homes, and records that Waltham Forest, Barking and Dagenham, Redbridge, Havering, Tower Hamlets, Greenwich and Milton Keynes 'indicated their intention to join' the DPS, but not specifically Lot 1.",08146843,ITTN108,02/05/2024,web research (high),"Alpha Care Service Ltd: children's residential care and 16+ supported accommodation across London and Essex (Forest Gate, Ilford etc.). The existing info@alphahealth.care is not on the site.",
Blue Sky Personnel,https://blueskypersonnel.co.uk/supported-living/,info@blueskypersonnel.co.uk,Commissioning Homes for Children Looked After and Care leavers PDPS - Lot 1,Newham,Newham,"Commissioning council only for Lot 1, because the only access clause is a generic 'any public body' one. FTS 015375-2021 and later round notices (e.g. 015241-2026) say the PDPS 'is open for use to ... any Public Body outlined in either Part I or Part II of the Local Authorities (Goods and Services) (Public Bodies) Order 1972' and is 'for the benefit of the Authority and the Partner Organisations', without naming partners. Named joiners exist for other lots only. Waltham Forest's Cabinet report (11 Jan 2024) joined Lots 2 and 4 (children's homes and fostering agencies) and explicitly excluded 16+ semi-independent. Hackney decision CE S211 sought to join for fostering agencies and children's homes, and records that Waltham Forest, Barking and Dagenham, Redbridge, Havering, Tower Hamlets, Greenwich and Milton Keynes 'indicated their intention to join' the DPS, but not specifically Lot 1.",07498777,ITTN247,18/02/2025,verified (existing data),,"homecare and housing both on homepage (homecare 4, housing 6)"
Daystar,https://daystarcare.co.uk/index.php/our-services/supported-living-care/,info@daystarcare.co.uk,Commissioning Homes for Children Looked After and Care leavers PDPS - Lot 1,Newham,Newham,"Commissioning council only for Lot 1, because the only access clause is a generic 'any public body' one. FTS 015375-2021 and later round notices (e.g. 015241-2026) say the PDPS 'is open for use to ... any Public Body outlined in either Part I or Part II of the Local Authorities (Goods and Services) (Public Bodies) Order 1972' and is 'for the benefit of the Authority and the Partner Organisations', without naming partners. Named joiners exist for other lots only. Waltham Forest's Cabinet report (11 Jan 2024) joined Lots 2 and 4 (children's homes and fostering agencies) and explicitly excluded 16+ semi-independent. Hackney decision CE S211 sought to join for fostering agencies and children's homes, and records that Waltham Forest, Barking and Dagenham, Redbridge, Havering, Tower Hamlets, Greenwich and Milton Keynes 'indicated their intention to join' the DPS, but not specifically Lot 1.",14109083,ITTN45,01/09/2023,verified (existing data),,
Elliot Leigh TLC Limited,https://www.elliotleigh.com/tlc,info@elliotleigh.com,Commissioning Homes for Children Looked After and Care leavers PDPS - Lot 1,Newham,Newham,"Commissioning council only for Lot 1, because the only access clause is a generic 'any public body' one. FTS 015375-2021 and later round notices (e.g. 015241-2026) say the PDPS 'is open for use to ... any Public Body outlined in either Part I or Part II of the Local Authorities (Goods and Services) (Public Bodies) Order 1972' and is 'for the benefit of the Authority and the Partner Organisations', without naming partners. Named joiners exist for other lots only. Waltham Forest's Cabinet report (11 Jan 2024) joined Lots 2 and 4 (children's homes and fostering agencies) and explicitly excluded 16+ semi-independent. Hackney decision CE S211 sought to join for fostering agencies and children's homes, and records that Waltham Forest, Barking and Dagenham, Redbridge, Havering, Tower Hamlets, Greenwich and Milton Keynes 'indicated their intention to join' the DPS, but not specifically Lot 1.",,ITTN26,22/02/2022,verified (existing data),,
Explore Independence,https://exploreindependenceltd.com/,info@exploreuk.co.uk,Commissioning Homes for Children Looked After and Care leavers PDPS - Lot 1,Newham,Newham,"Commissioning council only for Lot 1, because the only access clause is a generic 'any public body' one. FTS 015375-2021 and later round notices (e.g. 015241-2026) say the PDPS 'is open for use to ... any Public Body outlined in either Part I or Part II of the Local Authorities (Goods and Services) (Public Bodies) Order 1972' and is 'for the benefit of the Authority and the Partner Organisations', without naming partners. Named joiners exist for other lots only. Waltham Forest's Cabinet report (11 Jan 2024) joined Lots 2 and 4 (children's homes and fostering agencies) and explicitly excluded 16+ semi-independent. Hackney decision CE S211 sought to join for fostering agencies and children's homes, and records that Waltham Forest, Barking and Dagenham, Redbridge, Havering, Tower Hamlets, Greenwich and Milton Keynes 'indicated their intention to join' the DPS, but not specifically Lot 1.",08323337,ITTN247,18/02/2025,web research (medium),"Explore Independence Ltd (CH 08323337, Loughton) provides London supported accommodation for 16+. info@exploreuk.co.uk is published on its own site despite the different domain, so the existing values were correct.",
Finefair Limited,https://www.finefair.com/public-sectors/care-and-support-services/,info@finefair.com,Commissioning Homes for Children Looked After and Care leavers PDPS - Lot 1,Newham,Newham,"Commissioning council only for Lot 1, because the only access clause is a generic 'any public body' one. FTS 015375-2021 and later round notices (e.g. 015241-2026) say the PDPS 'is open for use to ... any Public Body outlined in either Part I or Part II of the Local Authorities (Goods and Services) (Public Bodies) Order 1972' and is 'for the benefit of the Authority and the Partner Organisations', without naming partners. Named joiners exist for other lots only. Waltham Forest's Cabinet report (11 Jan 2024) joined Lots 2 and 4 (children's homes and fostering agencies) and explicitly excluded 16+ semi-independent. Hackney decision CE S211 sought to join for fostering agencies and children's homes, and records that Waltham Forest, Barking and Dagenham, Redbridge, Havering, Tower Hamlets, Greenwich and Milton Keynes 'indicated their intention to join' the DPS, but not specifically Lot 1.",04661895,ITTN247,18/02/2025,verified (existing data),,
Green Harvest Ltd,https://www.greenharvestcc.com/,referrals@greenharvestcc.com,Commissioning Homes for Children Looked After and Care leavers PDPS - Lot 1,Newham,Newham,"Commissioning council only for Lot 1, because the only access clause is a generic 'any public body' one. FTS 015375-2021 and later round notices (e.g. 015241-2026) say the PDPS 'is open for use to ... any Public Body outlined in either Part I or Part II of the Local Authorities (Goods and Services) (Public Bodies) Order 1972' and is 'for the benefit of the Authority and the Partner Organisations', without naming partners. Named joiners exist for other lots only. Waltham Forest's Cabinet report (11 Jan 2024) joined Lots 2 and 4 (children's homes and fostering agencies) and explicitly excluded 16+ semi-independent. Hackney decision CE S211 sought to join for fostering agencies and children's homes, and records that Waltham Forest, Barking and Dagenham, Redbridge, Havering, Tower Hamlets, Greenwich and Milton Keynes 'indicated their intention to join' the DPS, but not specifically Lot 1.",09960988,ITTN108,02/05/2024,web research (low),"CH MISMATCH: 09960988 GREEN HARVEST LTD (Nottingham) is a construction/wholesale company, not a care provider. greenharvestcc.com belongs to Green Harvest Capital Consulting Ltd (CH 07117542, t/a Green Harvest CC), an Ofsted-registered London/Essex supported accommodation provider for young people. This is likely, but not certain, to be the Newham supplier. admin@greenharvestcc.com is also on the site.",
Inclusive Care Support Limited,https://inclusivecaresupport.co.uk/,info@inclusivecare.com,Commissioning Homes for Children Looked After and Care leavers PDPS - Lot 1,Newham,Newham,"Commissioning council only for Lot 1, because the only access clause is a generic 'any public body' one. FTS 015375-2021 and later round notices (e.g. 015241-2026) say the PDPS 'is open for use to ... any Public Body outlined in either Part I or Part II of the Local Authorities (Goods and Services) (Public Bodies) Order 1972' and is 'for the benefit of the Authority and the Partner Organisations', without naming partners. Named joiners exist for other lots only. Waltham Forest's Cabinet report (11 Jan 2024) joined Lots 2 and 4 (children's homes and fostering agencies) and explicitly excluded 16+ semi-independent. Hackney decision CE S211 sought to join for fostering agencies and children's homes, and records that Waltham Forest, Barking and Dagenham, Redbridge, Havering, Tower Hamlets, Greenwich and Milton Keynes 'indicated their intention to join' the DPS, but not specifically Lot 1.",06974487,ITTN108,02/05/2024,web research (medium),"CH 06974487 active, SIC 87900. Site describes 16+ semi-independent/leaving care accommodation, first provision in Forest Gate Aug 2009 (matches incorporation Jul 2009); CQC location at 57 Woodgrange Road, Forest Gate E7 (Newham). Email is published on their own contact page but uses the inclusivecare.com domain, not the website domain.",
Leaving Care Solutions Limited,http://www.leavingcaresolutions.org/,enquiries@leavingcaresolutions.org,Commissioning Homes for Children Looked After and Care leavers PDPS - Lot 1,Newham,Newham,"Commissioning council only for Lot 1, because the only access clause is a generic 'any public body' one. FTS 015375-2021 and later round notices (e.g. 015241-2026) say the PDPS 'is open for use to ... any Public Body outlined in either Part I or Part II of the Local Authorities (Goods and Services) (Public Bodies) Order 1972' and is 'for the benefit of the Authority and the Partner Organisations', without naming partners. Named joiners exist for other lots only. Waltham Forest's Cabinet report (11 Jan 2024) joined Lots 2 and 4 (children's homes and fostering agencies) and explicitly excluded 16+ semi-independent. Hackney decision CE S211 sought to join for fostering agencies and children's homes, and records that Waltham Forest, Barking and Dagenham, Redbridge, Havering, Tower Hamlets, Greenwich and Milton Keynes 'indicated their intention to join' the DPS, but not specifically Lot 1.",06820538,ITTN45,01/09/2023,verified (existing data),,
LOOK AHEAD CARE AND SUPPORT LIMITED,http://www.lookahead.org.uk/,getintouch@lookahead.org.uk,Commissioning Homes for Children Looked After and Care leavers PDPS - Lot 1,Newham,Newham,"Commissioning council only for Lot 1, because the only access clause is a generic 'any public body' one. FTS 015375-2021 and later round notices (e.g. 015241-2026) say the PDPS 'is open for use to ... any Public Body outlined in either Part I or Part II of the Local Authorities (Goods and Services) (Public Bodies) Order 1972' and is 'for the benefit of the Authority and the Partner Organisations', without naming partners. Named joiners exist for other lots only. Waltham Forest's Cabinet report (11 Jan 2024) joined Lots 2 and 4 (children's homes and fostering agencies) and explicitly excluded 16+ semi-independent. Hackney decision CE S211 sought to join for fostering agencies and children's homes, and records that Waltham Forest, Barking and Dagenham, Redbridge, Havering, Tower Hamlets, Greenwich and Milton Keynes 'indicated their intention to join' the DPS, but not specifically Lot 1.",,ITTN26,22/02/2022,verified (existing data),,
Netpex Ltd,https://netpex.co.uk/,referrals@netpex.co.uk,Commissioning Homes for Children Looked After and Care leavers PDPS - Lot 1,Newham,Newham,"Commissioning council only for Lot 1, because the only access clause is a generic 'any public body' one. FTS 015375-2021 and later round notices (e.g. 015241-2026) say the PDPS 'is open for use to ... any Public Body outlined in either Part I or Part II of the Local Authorities (Goods and Services) (Public Bodies) Order 1972' and is 'for the benefit of the Authority and the Partner Organisations', without naming partners. Named joiners exist for other lots only. Waltham Forest's Cabinet report (11 Jan 2024) joined Lots 2 and 4 (children's homes and fostering agencies) and explicitly excluded 16+ semi-independent. Hackney decision CE S211 sought to join for fostering agencies and children's homes, and records that Waltham Forest, Barking and Dagenham, Redbridge, Havering, Tower Hamlets, Greenwich and Milton Keynes 'indicated their intention to join' the DPS, but not specifically Lot 1.",,ITTN26,22/02/2022,verified (existing data),,
Newhaven 16 Plus Limited,https://newhaven16plus.co.uk,info@newhaven16plus.co.uk,Commissioning Homes for Children Looked After and Care leavers PDPS - Lot 1,Newham,Newham,"Commissioning council only for Lot 1, because the only access clause is a generic 'any public body' one. FTS 015375-2021 and later round notices (e.g. 015241-2026) say the PDPS 'is open for use to ... any Public Body outlined in either Part I or Part II of the Local Authorities (Goods and Services) (Public Bodies) Order 1972' and is 'for the benefit of the Authority and the Partner Organisations', without naming partners. Named joiners exist for other lots only. Waltham Forest's Cabinet report (11 Jan 2024) joined Lots 2 and 4 (children's homes and fostering agencies) and explicitly excluded 16+ semi-independent. Hackney decision CE S211 sought to join for fostering agencies and children's homes, and records that Waltham Forest, Barking and Dagenham, Redbridge, Havering, Tower Hamlets, Greenwich and Milton Keynes 'indicated their intention to join' the DPS, but not specifically Lot 1.",06586599,ITTN108,02/05/2024,verified (existing data),,
Orbital Homes Limited,https://www.orbitalhomeslc.com/our-services/,admin@orbitalhomeslc.com,Commissioning Homes for Children Looked After and Care leavers PDPS - Lot 1,Newham,Newham,"Commissioning council only for Lot 1, because the only access clause is a generic 'any public body' one. FTS 015375-2021 and later round notices (e.g. 015241-2026) say the PDPS 'is open for use to ... any Public Body outlined in either Part I or Part II of the Local Authorities (Goods and Services) (Public Bodies) Order 1972' and is 'for the benefit of the Authority and the Partner Organisations', without naming partners. Named joiners exist for other lots only. Waltham Forest's Cabinet report (11 Jan 2024) joined Lots 2 and 4 (children's homes and fostering agencies) and explicitly excluded 16+ semi-independent. Hackney decision CE S211 sought to join for fostering agencies and children's homes, and records that Waltham Forest, Barking and Dagenham, Redbridge, Havering, Tower Hamlets, Greenwich and Milton Keynes 'indicated their intention to join' the DPS, but not specifically Lot 1.",13977432,ITTN247,18/02/2025,verified (existing data),,
Rockstone Care Services Limited,http://rockstonecareservices.co.uk/,Contact form: http://rockstonecareservices.co.uk/contact-us/,Commissioning Homes for Children Looked After and Care leavers PDPS - Lot 1,Newham,Newham,"Commissioning council only for Lot 1, because the only access clause is a generic 'any public body' one. FTS 015375-2021 and later round notices (e.g. 015241-2026) say the PDPS 'is open for use to ... any Public Body outlined in either Part I or Part II of the Local Authorities (Goods and Services) (Public Bodies) Order 1972' and is 'for the benefit of the Authority and the Partner Organisations', without naming partners. Named joiners exist for other lots only. Waltham Forest's Cabinet report (11 Jan 2024) joined Lots 2 and 4 (children's homes and fostering agencies) and explicitly excluded 16+ semi-independent. Hackney decision CE S211 sought to join for fostering agencies and children's homes, and records that Waltham Forest, Barking and Dagenham, Redbridge, Havering, Tower Hamlets, Greenwich and Milton Keynes 'indicated their intention to join' the DPS, but not specifically Lot 1.",10569767,ITTN108,02/05/2024,web research (medium),East London youth (16+) supported accommodation service. Only email on contact page is a named individual (Ryan); no general address. Site has SSL errors (use http).,
Shebahl Support Services,https://www.shebahl.com/,beatrice@shebahlskillsandsupport.org.uk,Commissioning Homes for Children Looked After and Care leavers PDPS - Lot 1,Newham,Newham,"Commissioning council only for Lot 1, because the only access clause is a generic 'any public body' one. FTS 015375-2021 and later round notices (e.g. 015241-2026) say the PDPS 'is open for use to ... any Public Body outlined in either Part I or Part II of the Local Authorities (Goods and Services) (Public Bodies) Order 1972' and is 'for the benefit of the Authority and the Partner Organisations', without naming partners. Named joiners exist for other lots only. Waltham Forest's Cabinet report (11 Jan 2024) joined Lots 2 and 4 (children's homes and fostering agencies) and explicitly excluded 16+ semi-independent. Hackney decision CE S211 sought to join for fostering agencies and children's homes, and records that Waltham Forest, Barking and Dagenham, Redbridge, Havering, Tower Hamlets, Greenwich and Milton Keynes 'indicated their intention to join' the DPS, but not specifically Lot 1.",07254735,ITTN108,02/05/2024,web research (medium),"Site footer shows Company No 07254735 (matches CH, Shebahl Skills & Support Services Ltd) and Ofsted SC2755431. Only email on the contact page is a named individual on a different domain (shebahlskillsandsupport.org.uk).",
Youth Reality Homes,https://www.youthrealityhomes.com/,admin@youthrealityhomes.com,Commissioning Homes for Children Looked After and Care leavers PDPS - Lot 1,Newham,Newham,"Commissioning council only for Lot 1, because the only access clause is a generic 'any public body' one. FTS 015375-2021 and later round notices (e.g. 015241-2026) say the PDPS 'is open for use to ... any Public Body outlined in either Part I or Part II of the Local Authorities (Goods and Services) (Public Bodies) Order 1972' and is 'for the benefit of the Authority and the Partner Organisations', without naming partners. Named joiners exist for other lots only. Waltham Forest's Cabinet report (11 Jan 2024) joined Lots 2 and 4 (children's homes and fostering agencies) and explicitly excluded 16+ semi-independent. Hackney decision CE S211 sought to join for fostering agencies and children's homes, and records that Waltham Forest, Barking and Dagenham, Redbridge, Havering, Tower Hamlets, Greenwich and Milton Keynes 'indicated their intention to join' the DPS, but not specifically Lot 1.",,ITTN26,22/02/2022,web research (high),"Youth Reality Homes Ltd (CH 10047481, Ilford), Ofsted-registered 16+ supported accommodation provider. Site describes semi-independent homes for young people.","name suggests housing but homepage is homecare (homecare 12, housing 0) - check website"
3BN CARE LTD,http://3bncare.co.uk/,info@3bncare.co.uk,Northamptonshire Children's Trust for the Provision of Homes for Children and Young People in our Care Independent Fostering Arrangements and Children's Homes,Northamptonshire (Children's Trust),North Northamptonshire Council; West Northamptonshire Council,"Northamptonshire Children's Trust is the sole buyer on the DPS (FTS 006743-2024 plus reopenings 015657-2024, 017284-2024 and 017703-2024; DPS runs 1 Feb 2024 - 31 Mar 2028, extendable to 2031). The North Northamptonshire Procurement Team runs it (procurement@northnorthants.gov.uk). Neither council is a named contracting authority. Both councils are covered indirectly: the Trust's site says it 'is owned by North and West Northamptonshire Council's' and it delivers children's social care for both. Placements are made by the Trust for children in the care of either council, so coverage is both unitary areas of Northamptonshire.",13593385,NCT - IFA 2024,10/01/2024,verified (existing data),,
Amberleigh Care Limited,https://www.amberleighcare.co.uk/,referrals@amberleighcare.co.uk,Northamptonshire Children's Trust for the Provision of Homes for Children and Young People in our Care Independent Fostering Arrangements and Children's Homes,Northamptonshire (Children's Trust),North Northamptonshire Council; West Northamptonshire Council,"Northamptonshire Children's Trust is the sole buyer on the DPS (FTS 006743-2024 plus reopenings 015657-2024, 017284-2024 and 017703-2024; DPS runs 1 Feb 2024 - 31 Mar 2028, extendable to 2031). The North Northamptonshire Procurement Team runs it (procurement@northnorthants.gov.uk). Neither council is a named contracting authority. Both councils are covered indirectly: the Trust's site says it 'is owned by North and West Northamptonshire Council's' and it delivers children's social care for both. Placements are made by the Trust for children in the care of either council, so coverage is both unitary areas of Northamptonshire.",5293497,NCT - IFA 2024,10/01/2024,web research (high),"Stored amberleycare.co.uk is Amberley Care (home care) - different company. Companies House: AMBERLEIGH CARE LIMITED 05293497, active, inc 22 Nov 2004, Golfa Hall, Welshpool, Powys SY21 9AF, SIC 85310/87900. amberleighcare.co.uk runs Golfa Hall (Powys) and The Oaks (Shropshire) therapeutic children's homes/schools - matches registered office and founding year.",
Barnardo's Central  Region,https://www.barnardos.org.uk/,Contact form: https://www.barnardos.org.uk/contact-us,Northamptonshire Children's Trust for the Provision of Homes for Children and Young People in our Care Independent Fostering Arrangements and Children's Homes,Northamptonshire (Children's Trust),North Northamptonshire Council; West Northamptonshire Council,"Northamptonshire Children's Trust is the sole buyer on the DPS (FTS 006743-2024 plus reopenings 015657-2024, 017284-2024 and 017703-2024; DPS runs 1 Feb 2024 - 31 Mar 2028, extendable to 2031). The North Northamptonshire Procurement Team runs it (procurement@northnorthants.gov.uk). Neither council is a named contracting authority. Both councils are covered indirectly: the Trust's site says it 'is owned by North and West Northamptonshire Council's' and it delivers children's social care for both. Placements are made by the Trust for children in the care of either council, so coverage is both unitary areas of Northamptonshire.",,NCT - IFA 2024,10/01/2024,web research (medium),"National charity; no regional site. Only email on the contact page is the online shop address, so left blank. Previous URL was a campaign constituency map page.",
Berry Gifford LTD,https://berrygifford.co.uk/,info@berrygifford.co.uk,Northamptonshire Children's Trust for the Provision of Homes for Children and Young People in our Care Independent Fostering Arrangements and Children's Homes,Northamptonshire (Children's Trust),North Northamptonshire Council; West Northamptonshire Council,"Northamptonshire Children's Trust is the sole buyer on the DPS (FTS 006743-2024 plus reopenings 015657-2024, 017284-2024 and 017703-2024; DPS runs 1 Feb 2024 - 31 Mar 2028, extendable to 2031). The North Northamptonshire Procurement Team runs it (procurement@northnorthants.gov.uk). Neither council is a named contracting authority. Both councils are covered indirectly: the Trust's site says it 'is owned by North and West Northamptonshire Council's' and it delivers children's social care for both. Placements are made by the Trust for children in the care of either council, so coverage is both unitary areas of Northamptonshire.",9408518,NCT - IFA 2024,10/01/2024,web research (high),"CH 09408518 Tamworth matches; runs children's homes incl. Northampton. Previous email help@voiceyp.org belongs to Voice advocacy service, not the provider.",
Compass Community Limited,https://www.compasschildrenshomes.com/,No email or contact form found on website,Northamptonshire Children's Trust for the Provision of Homes for Children and Young People in our Care Independent Fostering Arrangements and Children's Homes,Northamptonshire (Children's Trust),North Northamptonshire Council; West Northamptonshire Council,"Northamptonshire Children's Trust is the sole buyer on the DPS (FTS 006743-2024 plus reopenings 015657-2024, 017284-2024 and 017703-2024; DPS runs 1 Feb 2024 - 31 Mar 2028, extendable to 2031). The North Northamptonshire Procurement Team runs it (procurement@northnorthants.gov.uk). Neither council is a named contracting authority. Both councils are covered indirectly: the Trust's site says it 'is owned by North and West Northamptonshire Council's' and it delivers children's social care for both. Placements are made by the Trust for children in the care of either council, so coverage is both unitary areas of Northamptonshire.",4331256,NCT - IFA 2024,10/01/2024,web research (medium),"Companies House: COMPASS COMMUNITY LTD 08017562, active, head-office company (SIC 70100), 3 Rayns Way, Syston, Leicester LE7 1PF; formerly Compass Services for Children Group Ltd. Compass Community is the group behind Compass Children's Homes (same Syston address) and Compass Fostering (compassfostering.com). The only email on compasschildrenshomes.com/contact-us is the recruitment address jobs.residential@compasschildrenshomes.com; compassfostering.com contact page publishes phone 0800 566 8317 and forms only. No referrals/general email published, so email left blank rather than use the jobs address.",
Dwell-In Social Care Ltd,https://www.dwellinsocialcare.co.uk/,No email or contact form found on website,Northamptonshire Children's Trust for the Provision of Homes for Children and Young People in our Care Independent Fostering Arrangements and Children's Homes,Northamptonshire (Children's Trust),North Northamptonshire Council; West Northamptonshire Council,"Northamptonshire Children's Trust is the sole buyer on the DPS (FTS 006743-2024 plus reopenings 015657-2024, 017284-2024 and 017703-2024; DPS runs 1 Feb 2024 - 31 Mar 2028, extendable to 2031). The North Northamptonshire Procurement Team runs it (procurement@northnorthants.gov.uk). Neither council is a named contracting authority. Both councils are covered indirectly: the Trust's site says it 'is owned by North and West Northamptonshire Council's' and it delivers children's social care for both. Placements are made by the Trust for children in the care of either council, so coverage is both unitary areas of Northamptonshire.",14051813,NCT - IFA 2024,10/01/2024,web research (medium),Website from CQC/NHS listings (CH 14051813 Corby matches). Site blocks automated access (403) so no email could be verified. Previous URL was a Care Choices directory page.,
GABLE HEALTHCARE SERVICES LTD,https://www.gablehealthcare.co.uk/,No email or contact form found on website,Northamptonshire Children's Trust for the Provision of Homes for Children and Young People in our Care Independent Fostering Arrangements and Children's Homes,Northamptonshire (Children's Trust),North Northamptonshire Council; West Northamptonshire Council,"Northamptonshire Children's Trust is the sole buyer on the DPS (FTS 006743-2024 plus reopenings 015657-2024, 017284-2024 and 017703-2024; DPS runs 1 Feb 2024 - 31 Mar 2028, extendable to 2031). The North Northamptonshire Procurement Team runs it (procurement@northnorthants.gov.uk). Neither council is a named contracting authority. Both councils are covered indirectly: the Trust's site says it 'is owned by North and West Northamptonshire Council's' and it delivers children's social care for both. Placements are made by the Trust for children in the care of either council, so coverage is both unitary areas of Northamptonshire.",7449618,NCT - IFA 2024,10/01/2024,web research (high),CH 07449618 Walton-on-Thames matches; contact page lists a Northampton office. No email published.,Homecare provider that also offers supported living/accommodation
Global Access Care Ltd,http://globalaccesscare.co.uk/,enquiries@globalaccesscare.co.uk,Northamptonshire Children's Trust for the Provision of Homes for Children and Young People in our Care Independent Fostering Arrangements and Children's Homes,Northamptonshire (Children's Trust),North Northamptonshire Council; West Northamptonshire Council,"Northamptonshire Children's Trust is the sole buyer on the DPS (FTS 006743-2024 plus reopenings 015657-2024, 017284-2024 and 017703-2024; DPS runs 1 Feb 2024 - 31 Mar 2028, extendable to 2031). The North Northamptonshire Procurement Team runs it (procurement@northnorthants.gov.uk). Neither council is a named contracting authority. Both councils are covered indirectly: the Trust's site says it 'is owned by North and West Northamptonshire Council's' and it delivers children's social care for both. Placements are made by the Trust for children in the care of either council, so coverage is both unitary areas of Northamptonshire.",11424874,NCT - IFA 2024,10/01/2024,verified (existing data),,
Good News Nwk Ltd,https://goodnewsnwk.co.uk/,No email published - contact page: https://goodnewsnwk.co.uk/contact-us/,Northamptonshire Children's Trust for the Provision of Homes for Children and Young People in our Care Independent Fostering Arrangements and Children's Homes,Northamptonshire (Children's Trust),North Northamptonshire Council; West Northamptonshire Council,"Northamptonshire Children's Trust is the sole buyer on the DPS (FTS 006743-2024 plus reopenings 015657-2024, 017284-2024 and 017703-2024; DPS runs 1 Feb 2024 - 31 Mar 2028, extendable to 2031). The North Northamptonshire Procurement Team runs it (procurement@northnorthants.gov.uk). Neither council is a named contracting authority. Both councils are covered indirectly: the Trust's site says it 'is owned by North and West Northamptonshire Council's' and it delivers children's social care for both. Placements are made by the Trust for children in the care of either council, so coverage is both unitary areas of Northamptonshire.",9891065,NCT - IFA 2024,10/01/2024,web research (medium),"Own site (Wellingborough children's homes), currently returning a server error so the contact page could not be read. Previous email admin@goodnewsstaff.com is unverified: goodnewsstaff.com is a placeholder page.",
Homes 2 Inspire Ltd,http://homes2inspire.com/,referrals@homes2inspire.co.uk,Northamptonshire Children's Trust for the Provision of Homes for Children and Young People in our Care Independent Fostering Arrangements and Children's Homes,Northamptonshire (Children's Trust),North Northamptonshire Council; West Northamptonshire Council,"Northamptonshire Children's Trust is the sole buyer on the DPS (FTS 006743-2024 plus reopenings 015657-2024, 017284-2024 and 017703-2024; DPS runs 1 Feb 2024 - 31 Mar 2028, extendable to 2031). The North Northamptonshire Procurement Team runs it (procurement@northnorthants.gov.uk). Neither council is a named contracting authority. Both councils are covered indirectly: the Trust's site says it 'is owned by North and West Northamptonshire Council's' and it delivers children's social care for both. Placements are made by the Trust for children in the care of either council, so coverage is both unitary areas of Northamptonshire.",10592680,NCT - IFA 2024,10/01/2024,verified (existing data),,
Horizon Care and Education,http://horizoncare.co.uk/,enquiries@horizoncare.co.uk,Northamptonshire Children's Trust for the Provision of Homes for Children and Young People in our Care Independent Fostering Arrangements and Children's Homes,Northamptonshire (Children's Trust),North Northamptonshire Council; West Northamptonshire Council,"Northamptonshire Children's Trust is the sole buyer on the DPS (FTS 006743-2024 plus reopenings 015657-2024, 017284-2024 and 017703-2024; DPS runs 1 Feb 2024 - 31 Mar 2028, extendable to 2031). The North Northamptonshire Procurement Team runs it (procurement@northnorthants.gov.uk). Neither council is a named contracting authority. Both councils are covered indirectly: the Trust's site says it 'is owned by North and West Northamptonshire Council's' and it delivers children's social care for both. Placements are made by the Trust for children in the care of either council, so coverage is both unitary areas of Northamptonshire.",6454959,NCT - IFA 2024,10/01/2024,verified (existing data),,
Inspirations Leicestershire Ltd,https://www.inspirations-oadby.co.uk/,No email or contact form found on website,Northamptonshire Children's Trust for the Provision of Homes for Children and Young People in our Care Independent Fostering Arrangements and Children's Homes,Northamptonshire (Children's Trust),North Northamptonshire Council; West Northamptonshire Council,"Northamptonshire Children's Trust is the sole buyer on the DPS (FTS 006743-2024 plus reopenings 015657-2024, 017284-2024 and 017703-2024; DPS runs 1 Feb 2024 - 31 Mar 2028, extendable to 2031). The North Northamptonshire Procurement Team runs it (procurement@northnorthants.gov.uk). Neither council is a named contracting authority. Both councils are covered indirectly: the Trust's site says it 'is owned by North and West Northamptonshire Council's' and it delivers children's social care for both. Placements are made by the Trust for children in the care of either council, so coverage is both unitary areas of Northamptonshire.",7765916,NCT - IFA 2024,10/01/2024,web research (medium),"Oadby children's homes, matching the CH 07765916 Oadby address. Only email on the site is hr@insp.uk (HR), so left blank. Note: inspirationscare.co.uk is Inspirations Care Ltd (Coalville), a different entity.",
Living Life (UK) Ltd T/AS The Banyan Tree,https://banyantree.uk.com/,residentialreferrals@sbc-holdings-limited.com,Northamptonshire Children's Trust for the Provision of Homes for Children and Young People in our Care Independent Fostering Arrangements and Children's Homes,Northamptonshire (Children's Trust),North Northamptonshire Council; West Northamptonshire Council,"Northamptonshire Children's Trust is the sole buyer on the DPS (FTS 006743-2024 plus reopenings 015657-2024, 017284-2024 and 017703-2024; DPS runs 1 Feb 2024 - 31 Mar 2028, extendable to 2031). The North Northamptonshire Procurement Team runs it (procurement@northnorthants.gov.uk). Neither council is a named contracting authority. Both councils are covered indirectly: the Trust's site says it 'is owned by North and West Northamptonshire Council's' and it delivers children's social care for both. Placements are made by the Trust for children in the care of either council, so coverage is both unitary areas of Northamptonshire.",5455598,NCT - IFA 2024,10/01/2024,web research (high),"Footer confirms Living Life (UK) Limited t/a The Banyan Tree, company 05455598, Northampton office; part of Silver Birch Care (Holdings). Referrals email published on site.",
Meadows Care Limited,https://www.meadowscare.co.uk/,enquiries@meadowscare.co.uk,Northamptonshire Children's Trust for the Provision of Homes for Children and Young People in our Care Independent Fostering Arrangements and Children's Homes,Northamptonshire (Children's Trust),North Northamptonshire Council; West Northamptonshire Council,"Northamptonshire Children's Trust is the sole buyer on the DPS (FTS 006743-2024 plus reopenings 015657-2024, 017284-2024 and 017703-2024; DPS runs 1 Feb 2024 - 31 Mar 2028, extendable to 2031). The North Northamptonshire Procurement Team runs it (procurement@northnorthants.gov.uk). Neither council is a named contracting authority. Both councils are covered indirectly: the Trust's site says it 'is owned by North and West Northamptonshire Council's' and it delivers children's social care for both. Placements are made by the Trust for children in the care of either council, so coverage is both unitary areas of Northamptonshire.",5087886,NCT - IFA 2024,10/01/2024,verified (existing data),,
Parkview Care (Broadstairs) Limited,https://parkviewcare.co.uk/,info@parkviewcare.co.uk,Northamptonshire Children's Trust for the Provision of Homes for Children and Young People in our Care Independent Fostering Arrangements and Children's Homes,Northamptonshire (Children's Trust),North Northamptonshire Council; West Northamptonshire Council,"Northamptonshire Children's Trust is the sole buyer on the DPS (FTS 006743-2024 plus reopenings 015657-2024, 017284-2024 and 017703-2024; DPS runs 1 Feb 2024 - 31 Mar 2028, extendable to 2031). The North Northamptonshire Procurement Team runs it (procurement@northnorthants.gov.uk). Neither council is a named contracting authority. Both councils are covered indirectly: the Trust's site says it 'is owned by North and West Northamptonshire Council's' and it delivers children's social care for both. Placements are made by the Trust for children in the care of either council, so coverage is both unitary areas of Northamptonshire.",7246265,NCT - IFA 2024,10/01/2024,verified (existing data),,
Pathways Care Group Limited - Salutem Shared Services Limited,https://www.salutemcareandeducation.co.uk/,enquiries@salutemsharedservices.co.uk,Northamptonshire Children's Trust for the Provision of Homes for Children and Young People in our Care Independent Fostering Arrangements and Children's Homes,Northamptonshire (Children's Trust),North Northamptonshire Council; West Northamptonshire Council,"Northamptonshire Children's Trust is the sole buyer on the DPS (FTS 006743-2024 plus reopenings 015657-2024, 017284-2024 and 017703-2024; DPS runs 1 Feb 2024 - 31 Mar 2028, extendable to 2031). The North Northamptonshire Procurement Team runs it (procurement@northnorthants.gov.uk). Neither council is a named contracting authority. Both councils are covered indirectly: the Trust's site says it 'is owned by North and West Northamptonshire Council's' and it delivers children's social care for both. Placements are made by the Trust for children in the care of either council, so coverage is both unitary areas of Northamptonshire.",03409137,NCT - IFA 2024,10/01/2024,web research (high),Salutem group site (CH 03409137 at Salutem's Windsor address). Existing values confirmed.,
Resolute Care LTD,https://www.resolutecare.co.uk/,referrals@resolutecare.co.uk,Northamptonshire Children's Trust for the Provision of Homes for Children and Young People in our Care Independent Fostering Arrangements and Children's Homes,Northamptonshire (Children's Trust),North Northamptonshire Council; West Northamptonshire Council,"Northamptonshire Children's Trust is the sole buyer on the DPS (FTS 006743-2024 plus reopenings 015657-2024, 017284-2024 and 017703-2024; DPS runs 1 Feb 2024 - 31 Mar 2028, extendable to 2031). The North Northamptonshire Procurement Team runs it (procurement@northnorthants.gov.uk). Neither council is a named contracting authority. Both councils are covered indirectly: the Trust's site says it 'is owned by North and West Northamptonshire Council's' and it delivers children's social care for both. Placements are made by the Trust for children in the care of either council, so coverage is both unitary areas of Northamptonshire.",9332138,NCT - IFA 2024,10/01/2024,web research (high),"Stored resolutecaregroup.com is 'Resolute Healthcare', a Hull/Yorkshire staffing agency - different company, removed. Companies House: RESOLUTE CARE LTD 09332138, active, inc 28 Nov 2014, Unit 27 Trent South Industrial Park, Nottingham NG2 4EQ, SIC 87900, directors incl. Paul Bancroft. resolutecare.co.uk is a children's homes provider founded 2014 led by MD Paul Bancroft - matches.",
Rise Above Care Limited,http://www.riseabovecare.co.uk/,info@riseabovecare.co.uk,Northamptonshire Children's Trust for the Provision of Homes for Children and Young People in our Care Independent Fostering Arrangements and Children's Homes,Northamptonshire (Children's Trust),North Northamptonshire Council; West Northamptonshire Council,"Northamptonshire Children's Trust is the sole buyer on the DPS (FTS 006743-2024 plus reopenings 015657-2024, 017284-2024 and 017703-2024; DPS runs 1 Feb 2024 - 31 Mar 2028, extendable to 2031). The North Northamptonshire Procurement Team runs it (procurement@northnorthants.gov.uk). Neither council is a named contracting authority. Both councils are covered indirectly: the Trust's site says it 'is owned by North and West Northamptonshire Council's' and it delivers children's social care for both. Placements are made by the Trust for children in the care of either council, so coverage is both unitary areas of Northamptonshire.",12863310,NCT - IFA 2024,10/01/2024,verified (existing data),,
SEMI-INDEPENDENT HOUSE LIMITED,https://semi-independent-house.net/,info@semi-independent-house.co.uk,Northamptonshire Children's Trust for the Provision of Homes for Children and Young People in our Care Independent Fostering Arrangements and Children's Homes,Northamptonshire (Children's Trust),North Northamptonshire Council; West Northamptonshire Council,"Northamptonshire Children's Trust is the sole buyer on the DPS (FTS 006743-2024 plus reopenings 015657-2024, 017284-2024 and 017703-2024; DPS runs 1 Feb 2024 - 31 Mar 2028, extendable to 2031). The North Northamptonshire Procurement Team runs it (procurement@northnorthants.gov.uk). Neither council is a named contracting authority. Both councils are covered indirectly: the Trust's site says it 'is owned by North and West Northamptonshire Council's' and it delivers children's social care for both. Placements are made by the Trust for children in the care of either council, so coverage is both unitary areas of Northamptonshire.",6570060,NCT - IFA 2024,10/01/2024,verified (existing data),,
Tonre Limited,https://tdsupportedliving.co.uk/,admin@tdsupportedliving.co.uk,Northamptonshire Children's Trust for the Provision of Homes for Children and Young People in our Care Independent Fostering Arrangements and Children's Homes,Northamptonshire (Children's Trust),North Northamptonshire Council; West Northamptonshire Council,"Northamptonshire Children's Trust is the sole buyer on the DPS (FTS 006743-2024 plus reopenings 015657-2024, 017284-2024 and 017703-2024; DPS runs 1 Feb 2024 - 31 Mar 2028, extendable to 2031). The North Northamptonshire Procurement Team runs it (procurement@northnorthants.gov.uk). Neither council is a named contracting authority. Both councils are covered indirectly: the Trust's site says it 'is owned by North and West Northamptonshire Council's' and it delivers children's social care for both. Placements are made by the Trust for children in the care of either council, so coverage is both unitary areas of Northamptonshire.",14051222,NCT - IFA 2024,10/01/2024,web research (high),CQC lists Tonre Limited 'also known as TD Supported Living Services'; CH 14051222 Northampton. Existing values confirmed.,
Total Care Matters Limited,http://www.totalcarematters.co.uk/,admin@totalcarematters.co.uk,Northamptonshire Children's Trust for the Provision of Homes for Children and Young People in our Care Independent Fostering Arrangements and Children's Homes,Northamptonshire (Children's Trust),North Northamptonshire Council; West Northamptonshire Council,"Northamptonshire Children's Trust is the sole buyer on the DPS (FTS 006743-2024 plus reopenings 015657-2024, 017284-2024 and 017703-2024; DPS runs 1 Feb 2024 - 31 Mar 2028, extendable to 2031). The North Northamptonshire Procurement Team runs it (procurement@northnorthants.gov.uk). Neither council is a named contracting authority. Both councils are covered indirectly: the Trust's site says it 'is owned by North and West Northamptonshire Council's' and it delivers children's social care for both. Placements are made by the Trust for children in the care of either council, so coverage is both unitary areas of Northamptonshire.",6334177,NCT - IFA 2024,10/01/2024,verified (existing data),,
Xtra Healthcare,https://www.xtrahealthcare.co.uk/,info@xtrahealthcare.co.uk,Northamptonshire Children's Trust for the Provision of Homes for Children and Young People in our Care Independent Fostering Arrangements and Children's Homes,Northamptonshire (Children's Trust),North Northamptonshire Council; West Northamptonshire Council,"Northamptonshire Children's Trust is the sole buyer on the DPS (FTS 006743-2024 plus reopenings 015657-2024, 017284-2024 and 017703-2024; DPS runs 1 Feb 2024 - 31 Mar 2028, extendable to 2031). The North Northamptonshire Procurement Team runs it (procurement@northnorthants.gov.uk). Neither council is a named contracting authority. Both councils are covered indirectly: the Trust's site says it 'is owned by North and West Northamptonshire Council's' and it delivers children's social care for both. Placements are made by the Trust for children in the care of either council, so coverage is both unitary areas of Northamptonshire.",10180174,NCT - IFA 2024,10/01/2024,verified (existing data),,"homecare and housing both on homepage (homecare 17, housing 18)"
Metropolitan Housing Trust,https://www.metropolitan.org.uk,customerservices@metropolitan.org.uk,"Contract for the provision of Care Support in Residential Accommodation, Supported Living and Floating Support for Adults with a Learing Disability",Richmond upon Thames,Richmond upon Thames,"Commissioning council only - not a joint Richmond/Wandsworth contract. The CF notice BIP295641823 covers LD adults 'in the borough', with London Borough of Richmond upon Thames as the only organisation. The shared Richmond contracts register has a 'Wandsworth/Richmond/Both' column, and it marks the resulting 'LD Right Care Right Place' lots (United Response, Metropolitan, Walsingham) as 'Richmond', not 'Both'.",,BIP295641823,04/01/2018,verified (existing data),Supported living contract over £10m - includes housing,
United Response,https://www.unitedresponse.org.uk,info@unitedresponse.org.uk,"Contract for the provision of Care Support in Residential Accommodation, Supported Living and Floating Support for Adults with a Learing Disability",Richmond upon Thames,Richmond upon Thames,"Commissioning council only - not a joint Richmond/Wandsworth contract. The CF notice BIP295641823 covers LD adults 'in the borough', with London Borough of Richmond upon Thames as the only organisation. The shared Richmond contracts register has a 'Wandsworth/Richmond/Both' column, and it marks the resulting 'LD Right Care Right Place' lots (United Response, Metropolitan, Walsingham) as 'Richmond', not 'Both'.",,BIP295641823,04/01/2018,verified (existing data),Supported living contract over £10m - includes housing,
Walsingham Support,https://www.walsingham.com/,enquiries@walsingham.com,"Contract for the provision of Care Support in Residential Accommodation, Supported Living and Floating Support for Adults with a Learing Disability",Richmond upon Thames,Richmond upon Thames,"Commissioning council only - not a joint Richmond/Wandsworth contract. The CF notice BIP295641823 covers LD adults 'in the borough', with London Borough of Richmond upon Thames as the only organisation. The shared Richmond contracts register has a 'Wandsworth/Richmond/Both' column, and it marks the resulting 'LD Right Care Right Place' lots (United Response, Metropolitan, Walsingham) as 'Richmond', not 'Both'.",,BIP295641823,04/01/2018,verified (existing data),Supported living contract over £10m - includes housing,
Look Ahead Care and Support,http://www.lookahead.org.uk/,getintouch@lookahead.org.uk,Mental Health Accommodation Pathway,Richmond upon Thames,Richmond upon Thames,"Commissioning council only - not joint. The CF notice BIP302222720 says services are delivered 'within the borough'. The Richmond contracts register lists 'Mental Health Accommodation Pathway' (Look Ahead, £3,282,680) as 'Richmond', not 'Both'.",,BIP302222720,20/11/2017,verified (existing data),Single-award contract kept: mental health accommodation pathway,
Hestia Housing and Support,https://www.hestia.org,info@hestia.org,LBS Social Inclusion Supported Housing Tender,Southwark,Southwark,commissioning council only,,5f01b648-fca2-4a25-abed-09d788ae4cc2,2026-03-31,verified (existing data),"Contracts Finder harvest: Rules 1-3: social inclusion supported housing across several buildings, 4 suppliers",
Peabody Trust,https://www.peabody.org.uk,supported.housing@peabody.org.uk,LBS Social Inclusion Supported Housing Tender,Southwark,Southwark,commissioning council only,,5f01b648-fca2-4a25-abed-09d788ae4cc2,2026-03-31,verified (existing data),"Contracts Finder harvest: Rules 1-3: social inclusion supported housing across several buildings, 4 suppliers; Supported living contract over £10m - includes housing",
Southside Partnership,https://certitude.org.uk/,Contact form: https://certitude.org.uk/contact,LBS Social Inclusion Supported Housing Tender,Southwark,Southwark,commissioning council only,,5f01b648-fca2-4a25-abed-09d788ae4cc2,2026-03-31,web research (high),"Contracts Finder harvest: Rules 1-3: social inclusion supported housing across several buildings, 4 suppliers; Charity subsidiary of Certitude (group site used; no own site). Supported living/care for learning disabilities, autism and mental health across London. Contact page gives phone 020 8772 6222 only; only email is communications@ (media) - no enquiries email, so left blank.",
Turning Point Services Ltd,https://www.turning-point.co.uk,housing@turning-point.co.uk,LBS Social Inclusion Supported Housing Tender,Southwark,Southwark,commissioning council only,,5f01b648-fca2-4a25-abed-09d788ae4cc2,2026-03-31,verified (existing data),"Contracts Finder harvest: Rules 1-3: social inclusion supported housing across several buildings, 4 suppliers; Turning Point (England, CH 02166697); previous data pointed at Turning Point Scotland, a different charity",
St Mungo Community Housing Association,https://www.mungos.org,info@mungos.org,Housing Support Service for Vulnerable Adults,Sutton,Sutton,Commissioning council only - no participating authorities named in the notice,,LBSUT001-DN351239-57558515,06/11/2018,verified (existing data),Single-award contract kept: 130 units across a number of properties,
CAYSH,http://www.caysh.org/,info@caysh.org,Housing Support Service for Young People,Sutton,Sutton,Commissioning council only - no participating authorities named in the notice,,LBSUT001-DN364890-15573284,24/12/2018,verified (existing data),Single-award contract kept: 39 units across 9 properties,
Barnardo's,https://www.barnardos.org.uk/get-support/services/barnardos-nurture-service-inverclyde-thrive-your-time,Contact form: https://www.barnardos.org.uk/contact-us,Housing Support for Care Leavers and Children in Care Aged 16-24,Sutton,Sutton,Commissioning council only - no participating authorities named in the notice,,LBSUT001-DN614118-08927572,25/08/2022,verified (existing data),,
Depaul UK,https://www.depaul.org.uk/,depaul@depaulcharity.org.uk,Housing Support for Care Leavers and Children in Care Aged 16-24,Sutton,Sutton,Commissioning council only - no participating authorities named in the notice,,LBSUT001-DN614118-08927572,25/08/2022,web research (high),Email published on depaul.org.uk/contact-us,
Southcroft Healthcare Lodge Ltd,https://southcroftlodge.co.uk/,info@southcroftlodge.co.uk,Mental Health Support Service (RETENDER),Sutton,Sutton,Commissioning council only - no participating authorities named in the notice,,LBSUT001-DN610442-91116649,21/10/2022,web research (high),"Single-award contract kept: 2 supported housing properties; Site names Southcroft Healthcare Lodge Ltd (Companies House 12951105, CQC provider 1-21744538005). Head office 1A Kempshott Road, Streatham SW16 5LG; tel 0208 764 9888. A referral/enquiry form is also on the homepage.",
Abiding Limited,https://www.abidingcare.co.uk,referrals@abidingcare.co.uk,Semi-Independent Accommodation Framework,Sutton,Sutton,Commissioning council only - no participating authorities named in the notice,,LBSUT001-DN282435-30346400,30/04/2018,verified (existing data),,
AMBITIONZ Ltd,https://www.ambitionbs.com/,event@ambitionbs.com,Semi-Independent Accommodation Framework,Sutton,Sutton,Commissioning council only - no participating authorities named in the notice,,LBSUT001-DN282435-30346400,30/04/2018,verified (existing data),,
Care R Us Ltd T/A Krossroads,http://krossroads.org.uk/,management@krossroads.org.uk,Semi-Independent Accommodation Framework,Sutton,Sutton,Commissioning council only - no participating authorities named in the notice,,LBSUT001-DN282435-30346400,30/04/2018,web research (medium),"Existing website correct; existing email (crossroads-caringforcarers.org) belonged to a different charity. Companies House shows Care R Us (London) Ltd (11580361) and Krossroads (London) Ltd (11628618) share the same registered office (4a Pallister Road, Clacton), supporting the trading-as link. Krossroads runs 16+ semi-independent units in Edmonton N9.",
CAYSH,http://www.caysh.org/,info@caysh.org,Semi-Independent Accommodation Framework,Sutton,Sutton,Commissioning council only - no participating authorities named in the notice,,LBSUT001-DN282435-30346400,30/04/2018,verified (existing data),,
Crown Social Care Ltd,http://crownsocialcare.org.uk,info@crownsocialcare.org.uk,Semi-Independent Accommodation Framework,Sutton,Sutton,Commissioning council only - no participating authorities named in the notice,,LBSUT001-DN282435-30346400,30/04/2018,verified (existing data),,
Daley Bread,https://www.daleybread.co.uk/,infodaleybread@yahoo.co.uk,Semi-Independent Accommodation Framework,Sutton,Sutton,Commissioning council only - no participating authorities named in the notice,,LBSUT001-DN282435-30346400,30/04/2018,web research (medium),"Existing website (dalybread.co.uk) is a bakery and was wrong. Daley Bread Ltd (CH 07571678, charity 1118506, Bromley; SIC includes other accommodation) works with care leavers, looked-after children and vulnerable young people. The Yahoo address is genuinely the one published on its own contact page. No explicit Sutton reference found.",
Dunfield and Mead Ltd.,https://dunfieldandmead.co.uk/,info@dunfieldandmead.com,Semi-Independent Accommodation Framework,Sutton,Sutton,Commissioning council only - no participating authorities named in the notice,,LBSUT001-DN282435-30346400,30/04/2018,verified (existing data),,
Elite Housing & Support Ltd,https://www.elitehousingandsupport.co.uk/,info@elitehousingandsupport.co.uk,Semi-Independent Accommodation Framework,Sutton,Sutton,Commissioning council only - no participating authorities named in the notice,,LBSUT001-DN282435-30346400,30/04/2018,verified (existing data),,
Explore Independence Ltd,https://exploreindependenceltd.com/,info@exploreuk.co.uk,Semi-Independent Accommodation Framework,Sutton,Sutton,Commissioning council only - no participating authorities named in the notice,,LBSUT001-DN282435-30346400,30/04/2018,web research (medium),"Explore Independence Ltd (CH 08323337, Loughton) provides London supported accommodation for 16+. info@exploreuk.co.uk is published on its own site despite the different domain, so the existing values were correct.",
Freshstart Care Solutions Ltd,https://www.freshstartcaresolutions.com/,admin@freshstartcaresolutions.co.uk,Semi-Independent Accommodation Framework,Sutton,Sutton,Commissioning council only - no participating authorities named in the notice,,LBSUT001-DN282435-30346400,30/04/2018,verified (existing data),,
Green Harvest Capital Consulting Ltd,http://www.greenharvestcc.com/,admin@greenharvestcc.com,Semi-Independent Accommodation Framework,Sutton,Sutton,Commissioning council only - no participating authorities named in the notice,,LBSUT001-DN282435-30346400,30/04/2018,verified (existing data),,
Heartwood Care,https://www.heartwoodcare.org/,info@heartwoodcare.org,Semi-Independent Accommodation Framework,Sutton,Sutton,Commissioning council only - no participating authorities named in the notice,,LBSUT001-DN282435-30346400,30/04/2018,web research (medium),"Heartwood Care Group, Ilford IG3 (London/Essex): 16+ semi-independent and supported living for young people. Existing trixonline/CQC values were wrong. No direct Sutton reference found, but the name and service type match.",
Higher Level Care,http://www.higherlevelcare.org/,info@higherlevelcare.org,Semi-Independent Accommodation Framework,Sutton,Sutton,Commissioning council only - no participating authorities named in the notice,,LBSUT001-DN282435-30346400,30/04/2018,verified (existing data),,
Independence way Ltd,http://independenceway.co.uk/,info@independenceway.co.uk,Semi-Independent Accommodation Framework,Sutton,Sutton,Commissioning council only - no participating authorities named in the notice,,LBSUT001-DN282435-30346400,30/04/2018,verified (existing data),,
Jordan Xavier Ltd,http://jordanxavier.co.uk/,info@jordanxavier.co.uk,Semi-Independent Accommodation Framework,Sutton,Sutton,Commissioning council only - no participating authorities named in the notice,,LBSUT001-DN282435-30346400,30/04/2018,verified (existing data),,
MidCo Care Limited,http://www.midco-care.co.uk/,info@midco-care.co.uk,Semi-Independent Accommodation Framework,Sutton,Sutton,Commissioning council only - no participating authorities named in the notice,,LBSUT001-DN282435-30346400,30/04/2018,verified (existing data),,"homecare and housing both on homepage (homecare 12, housing 18)"
ownlife ltd,https://www.ownlife.org.uk/,hr@ownlife.org.uk,Semi-Independent Accommodation Framework,Sutton,Sutton,Commissioning council only - no participating authorities named in the notice,,LBSUT001-DN282435-30346400,30/04/2018,verified (existing data),,
PATHFINDER CARE SERVICES,https://www.pathfinderscareservices.org/,info@pathfinderscareservices.com,Semi-Independent Accommodation Framework,Sutton,Sutton,Commissioning council only - no participating authorities named in the notice,,LBSUT001-DN282435-30346400,30/04/2018,verified (existing data),,
Sanctuary Home Care t/a Sanctuary Supported Living,https://www.sanctuary-supported-living.co.uk/,Contact form: https://www.sanctuary-supported-living.co.uk/ssl-contact-us,Semi-Independent Accommodation Framework,Sutton,Sutton,Commissioning council only - no participating authorities named in the notice,,LBSUT001-DN282435-30346400,30/04/2018,web research (high),"Website is Sanctuary Supported Living's own site (part of Sanctuary Group; homepage used instead of the tech-enabled-living subpage). The only published email, pr@sanctuary.co.uk, is the press office; general and referral enquiries go through the contact form. Same group as Sanctuary Housing Association.",
Step Ahead Services Ltd,http://www.step-a-head.co.uk/,Info@step-a-head.co.uk,Semi-Independent Accommodation Framework,Sutton,Sutton,Commissioning council only - no participating authorities named in the notice,,LBSUT001-DN282435-30346400,30/04/2018,verified (existing data),,
The Artemis Team,http://www.theartemisteam.com/,support@theartemisteam.com,Semi-Independent Accommodation Framework,Sutton,Sutton,Commissioning council only - no participating authorities named in the notice,,LBSUT001-DN282435-30346400,30/04/2018,verified (existing data),,
Transforming Lives Co (TLC).,https://transform-lives.org/,teamtlc@transform-lives.org,Semi-Independent Accommodation Framework,Sutton,Sutton,Commissioning council only - no participating authorities named in the notice,,LBSUT001-DN282435-30346400,30/04/2018,verified (existing data),,
Choice Support,https://www.choicesupport.org.uk,info@choicesupport.org.uk,Supported Living - Locality Care & Support Providers,Sutton,Sutton,Commissioning council only - no participating authorities named in the notice,,LBSUT001-DN356792-29194917,08/01/2019,verified (existing data),Supported living contract over £10m - includes housing,
Living Ambitions Limited,https://lifeways.co.uk/,marketing@lifeways.co.uk,Supported Living - Locality Care & Support Providers,Sutton,Sutton,Commissioning council only - no participating authorities named in the notice,,LBSUT001-DN356792-29194917,08/01/2019,web research (medium),Living Ambitions is part of the Lifeways Group. The contact page lists only marketing@ (for public/non-media enquiries) and press@ (media); there is no general or referrals email. dpo@ was a data-protection address.; Supported living contract over £10m - includes housing,
Walsingham,https://www.walsingham.com/,enquiries@walsingham.com,Supported Living - Locality Care & Support Providers,Sutton,Sutton,Commissioning council only - no participating authorities named in the notice,,LBSUT001-DN356792-29194917,08/01/2019,web research (medium),"Own site (It’s not just support, it’s happiness. | Walsingham Support); email seen at https://www.walsingham.com/contact-us/; Supported living contract over £10m - includes housing",
Hestia Housing and Support,https://www.hestia.org,info@hestia.org,HAC5248 Tower Hamlets Asian Women's Refuge Service,Tower Hamlets,Tower Hamlets,commissioning council only,,e81f0f49-9ccb-4a68-bf1f-3ec3399b53b1,2018-02-19,verified (existing data),Contracts Finder harvest: Refuge service across two separate locations (rule 1 refuge; rule 3 multiple properties),
Providence Row Housing Association,https://prha.net/,info@prha.net,Heather Lodge and Glaucus Street,Tower Hamlets,Tower Hamlets,Commissioning council only - no participating authorities named in the notice,,AHS5035,28/02/2017,web research (high),Single-award contract kept: 2 schemes (Heather Lodge and Glaucus Street); Own site (Providence Row Housing Association),
Hestia Housing and Support,https://www.hestia.org,info@hestia.org,Huddlestone Close and Grand Union Place,Tower Hamlets,Tower Hamlets,Commissioning council only - no participating authorities named in the notice,,AHS5036,20/02/2017,verified (existing data),Single-award contract kept: 2 schemes (Huddlestone Close and Grand Union Place),
accomplish group,https://www.accomplishgroup.co.uk,info@accomplishgroup.co.uk,Learning Disability Residential & Supported Living (spot purchases) Framework,Tower Hamlets,Tower Hamlets,"Commissioning council only - no other authority evidenced. CF TOWER001-DN453709-97120610 and FTS 004428-2021 name Tower Hamlets as the sole buyer, and say 'Provision must be delivered within the borough or within a 3 miles radius of Tower Hamlets'.",,TOWER001-DN453709-97120610,12/02/2021,verified (existing data),,
East Living,https://www.lqgroup.org.uk/your-home/landq-living,No email published - contact page: https://www.lqgroup.org.uk/contact-us,Learning Disability Residential & Supported Living (spot purchases) Framework,Tower Hamlets,Tower Hamlets,"Commissioning council only - no other authority evidenced. CF TOWER001-DN453709-97120610 and FTS 004428-2021 name Tower Hamlets as the sole buyer, and say 'Provision must be delivered within the borough or within a 3 miles radius of Tower Hamlets'.",,TOWER001-DN453709-97120610,12/02/2021,web research (low),"East Living was East Thames's care and support subsidiary. East Thames merged into L&Q (2016/17), and East Living's supported living domiciliary service now sits under L&Q Living, so this is the group page. Only email on that page is recruitment@lq-living.co.uk (not general), so email left blank.",
Lewisham Nexus Service,https://everystory.org.uk/,enquiries@everystory.org.uk,Learning Disability Residential & Supported Living (spot purchases) Framework,Tower Hamlets,Tower Hamlets,"Commissioning council only - no other authority evidenced. CF TOWER001-DN453709-97120610 and FTS 004428-2021 name Tower Hamlets as the sole buyer, and say 'Provision must be delivered within the borough or within a 3 miles radius of Tower Hamlets'.",,TOWER001-DN453709-97120610,12/02/2021,web research (high),"Existing values correct: Lewisham Nexus merged with Aurora Options in 2021 (Aurora Nexus) and rebranded as EveryStory in Aug 2025 (charity 1035083, company 02786035).",
Look Ahead Housing and Care,https://www.lookahead.org.uk,getintouch@lookahead.org.uk,Learning Disability Residential & Supported Living (spot purchases) Framework,Tower Hamlets,Tower Hamlets,"Commissioning council only - no other authority evidenced. CF TOWER001-DN453709-97120610 and FTS 004428-2021 name Tower Hamlets as the sole buyer, and say 'Provision must be delivered within the borough or within a 3 miles radius of Tower Hamlets'.",,TOWER001-DN453709-97120610,12/02/2021,verified (existing data),,
Outward housing,https://www.outward.org.uk/,info@outward.org.uk,Learning Disability Residential & Supported Living (spot purchases) Framework,Tower Hamlets,Tower Hamlets,"Commissioning council only - no other authority evidenced. CF TOWER001-DN453709-97120610 and FTS 004428-2021 name Tower Hamlets as the sole buyer, and say 'Provision must be delivered within the borough or within a 3 miles radius of Tower Hamlets'.",,TOWER001-DN453709-97120610,12/02/2021,verified (existing data),,
Royal Mencap Society,https://www.mencap.org.uk,information@mencap.org.uk,Learning Disability Residential & Supported Living (spot purchases) Framework,Tower Hamlets,Tower Hamlets,"Commissioning council only - no other authority evidenced. CF TOWER001-DN453709-97120610 and FTS 004428-2021 name Tower Hamlets as the sole buyer, and say 'Provision must be delivered within the borough or within a 3 miles radius of Tower Hamlets'.",,TOWER001-DN453709-97120610,12/02/2021,verified (existing data),,
The Camden Society (London),https://www.thera.co.uk/about/where-we-work/the-camden-society/,info@thera.co.uk,Learning Disability Residential & Supported Living (spot purchases) Framework,Tower Hamlets,Tower Hamlets,"Commissioning council only - no other authority evidenced. CF TOWER001-DN453709-97120610 and FTS 004428-2021 name Tower Hamlets as the sole buyer, and say 'Provision must be delivered within the borough or within a 3 miles radius of Tower Hamlets'.",,TOWER001-DN453709-97120610,12/02/2021,web research (high),"The Camden Society is part of the Thera group; thecamdensociety.co.uk 301-redirects to this Thera page. info@thera.co.uk is shown there, so the existing email is legitimate.",
Turning Point Services Ltd,https://www.turning-point.co.uk,housing@turning-point.co.uk,Learning Disability Residential & Supported Living (spot purchases) Framework,Tower Hamlets,Tower Hamlets,"Commissioning council only - no other authority evidenced. CF TOWER001-DN453709-97120610 and FTS 004428-2021 name Tower Hamlets as the sole buyer, and say 'Provision must be delivered within the borough or within a 3 miles radius of Tower Hamlets'.",,TOWER001-DN453709-97120610,12/02/2021,verified (existing data),"Turning Point (England, CH 02166697); previous data pointed at Turning Point Scotland, a different charity",
Voyage,https://www.voyagecare.com/,referrals@voyagecare.com,Learning Disability Residential & Supported Living (spot purchases) Framework,Tower Hamlets,Tower Hamlets,"Commissioning council only - no other authority evidenced. CF TOWER001-DN453709-97120610 and FTS 004428-2021 name Tower Hamlets as the sole buyer, and say 'Provision must be delivered within the borough or within a 3 miles radius of Tower Hamlets'.",,TOWER001-DN453709-97120610,12/02/2021,web research (high),Existing email correct; website changed from an autism.org.uk directory listing to the Voyage Care homepage.,
Look Ahead Care and Support,http://www.lookahead.org.uk/,getintouch@lookahead.org.uk,"Mental Health Accommodation Based Schemes; Cannon Street Road, Ensign Street and Glasshouse Fields",Tower Hamlets,Tower Hamlets,Commissioning council only - no participating authorities named in the notice,,"AHS5040(B) Mental Health Accommodation Based Schemes; Cannon Street Road, Ensign Street and Glasshou",23/01/2017,verified (existing data),"Single-award contract kept: 3 schemes (Cannon Street Road, Ensign Street, Glasshouse Fields)",
Look Ahead,https://www.lookahead.org.uk/,getintouch@lookahead.org.uk,Mental Health Supported Living Services (Single Tender Action),Tower Hamlets,Tower Hamlets,commissioning council only,,e7ed0d93-c85a-4988-94c2-db8ef4a762c7,2022-03-31,web research (high),Contracts Finder harvest: Rule 3: single supplier but borough MH supported accommodation pathway; Housing association / care and support charity - mental health supported housing across London.,
Abiding Limited,https://www.abidingcare.co.uk,referrals@abidingcare.co.uk,Semi-Independent Living Framework,Tower Hamlets,Tower Hamlets,commissioning council only,,453222da-c734-488c-936e-3a39526f3d6b,2019-07-31,verified (existing data),"Contracts Finder harvest: Rules 1-3: semi-independent living accommodation framework, multi-supplier",
CAYSH,http://www.caysh.org/,info@caysh.org,Semi-Independent Living Framework,Tower Hamlets,Tower Hamlets,commissioning council only,,453222da-c734-488c-936e-3a39526f3d6b,2019-07-31,verified (existing data),"Contracts Finder harvest: Rules 1-3: semi-independent living accommodation framework, multi-supplier",
elliot leigh,https://www.elliotleigh.com/,info@elliotleigh.com,Semi-Independent Living Framework,Tower Hamlets,Tower Hamlets,commissioning council only,,453222da-c734-488c-936e-3a39526f3d6b,2019-07-31,web research (high),"Contracts Finder harvest: Rules 1-3: semi-independent living accommodation framework, multi-supplier; Guaranteed rent / temporary accommodation provider to local authorities, plus supported living (Elliot Leigh TLC). Head office 728-730 Eastern Avenue, Ilford IG2 6PE (tel 0208 983 4444). Group of companies at that address (e.g. Elliot Leigh Guaranteed Rents Ltd 12957161, Elliot Leigh Property Management Ltd 10984965); exact contracting entity not confirmed. Email is on the contact page and in the homepage header/footer.",
Heartwood Care,https://www.heartwoodcare.org/,info@heartwoodcare.org,Semi-Independent Living Framework,Tower Hamlets,Tower Hamlets,commissioning council only,,453222da-c734-488c-936e-3a39526f3d6b,2019-07-31,web research (medium),"Contracts Finder harvest: Rules 1-3: semi-independent living accommodation framework, multi-supplier; Heartwood Care Group, Ilford IG3 (London/Essex): 16+ semi-independent and supported living for young people. Existing trixonline/CQC values were wrong. No direct Sutton reference found, but the name and service type match.",
JEM Support Service,https://www.jem.services/,info@jem.services,Semi-Independent Living Framework,Tower Hamlets,Tower Hamlets,commissioning council only,,453222da-c734-488c-936e-3a39526f3d6b,2019-07-31,web research (high),"Contracts Finder harvest: Rules 1-3: semi-independent living accommodation framework, multi-supplier; JEM Support Services Ltd (CH 11235635, 1 Market Street SE18), 16+ youth supported accommodation. Existing email correct; website changed from Indeed to their own site.",
Jordan Xavier Ltd,http://jordanxavier.co.uk/,info@jordanxavier.co.uk,Semi-Independent Living Framework,Tower Hamlets,Tower Hamlets,commissioning council only,,453222da-c734-488c-936e-3a39526f3d6b,2019-07-31,verified (existing data),"Contracts Finder harvest: Rules 1-3: semi-independent living accommodation framework, multi-supplier",
Look Ahead Housing and Care,https://www.lookahead.org.uk,getintouch@lookahead.org.uk,Semi-Independent Living Framework,Tower Hamlets,Tower Hamlets,commissioning council only,,453222da-c734-488c-936e-3a39526f3d6b,2019-07-31,verified (existing data),"Contracts Finder harvest: Rules 1-3: semi-independent living accommodation framework, multi-supplier",
Outsets Care Services,https://www.outsetcareservices.co.uk/,admin@outsetcareservices.co.uk,Semi-Independent Living Framework,Tower Hamlets,Tower Hamlets,commissioning council only,,453222da-c734-488c-936e-3a39526f3d6b,2019-07-31,web research (medium),"Contracts Finder harvest: Rules 1-3: semi-independent living accommodation framework, multi-supplier; CH: OUTSET CARE SERVICES LTD (no 's'), Active, SIC 55900/87900, Wenta Business Centre Enfield EN3 7XU. 16+ semi-independent homes across London working with local authorities. Site shows no company number or address; name and sector match.",
Pangea Support Services,https://www.pangeasupport.com/,info@pangeasupport.com,Semi-Independent Living Framework,Tower Hamlets,Tower Hamlets,commissioning council only,,453222da-c734-488c-936e-3a39526f3d6b,2019-07-31,verified (existing data),"Contracts Finder harvest: Rules 1-3: semi-independent living accommodation framework, multi-supplier",
Peabody Trust,https://www.peabody.org.uk,supported.housing@peabody.org.uk,Semi-Independent Living Framework,Tower Hamlets,Tower Hamlets,commissioning council only,,453222da-c734-488c-936e-3a39526f3d6b,2019-07-31,verified (existing data),"Contracts Finder harvest: Rules 1-3: semi-independent living accommodation framework, multi-supplier; Supported living contract over £10m - includes housing",
SILVER BIRCH CARE,https://silverbirchcare.com/,supportedreferrals@sbc-holdings-limited.com,Semi-Independent Living Framework,Tower Hamlets,Tower Hamlets,commissioning council only,,453222da-c734-488c-936e-3a39526f3d6b,2019-07-31,web research (high),"Contracts Finder harvest: Rules 1-3: semi-independent living accommodation framework, multi-supplier; Existing values correct. Silver Birch Care is owned by Silver Birch Care (Holdings) Ltd (SBC Holdings); the referrals address on the parent's domain is published on silverbirchcare.com's contact page and homepage.",
Single Homeless Project,https://www.shp.org.uk/,info@shp.org.uk,Semi-Independent Living Framework,Tower Hamlets,Tower Hamlets,commissioning council only,,453222da-c734-488c-936e-3a39526f3d6b,2019-07-31,verified (existing data),"Contracts Finder harvest: Rules 1-3: semi-independent living accommodation framework, multi-supplier",
Step Ahead Services Ltd,http://www.step-a-head.co.uk/,Info@step-a-head.co.uk,Semi-Independent Living Framework,Tower Hamlets,Tower Hamlets,commissioning council only,,453222da-c734-488c-936e-3a39526f3d6b,2019-07-31,verified (existing data),"Contracts Finder harvest: Rules 1-3: semi-independent living accommodation framework, multi-supplier",
STEP4WARD SERVICES UK LIMITED,https://step4wd.co.uk/,info@step4wd.co.uk,Semi-Independent Living Framework,Tower Hamlets,Tower Hamlets,commissioning council only,,453222da-c734-488c-936e-3a39526f3d6b,2019-07-31,web research (medium),"Contracts Finder harvest: Rules 1-3: semi-independent living accommodation framework, multi-supplier; 16+ transition / 24hr supported accommodation for vulnerable young adults. Step4ward Services UK Ltd (CH 08019010, Ramsgate, active); website is branded Step 4 Ward Services (Kent) Ltd (CH 11932388, Margate) - apparent sister company, same Thanet base; site does not name the UK Ltd entity.",
Providence Row Housing Association,https://prha.net/,info@prha.net,Tower Hamlets North Young People's Support Service,Tower Hamlets,Tower Hamlets,commissioning council only,,3092caac-91b0-4866-bdcf-21c3b88f0a72,2017-08-04,web research (high),Contracts Finder harvest: Rule 3: single supplier but manages a diverse portfolio of young people's supported housing services; Single-award contract kept: 2 schemes (Heather Lodge and Glaucus Street); Own site (Providence Row Housing Association),
Aden Homes Limites,https://adenhomes.com/,info@adenhomes.co.uk,Framework Agreement for the Provision of 16+ Semi-Independent Accommodation & Support Services to Looked After Children and Care Experienced Young Adults in the London Borough of Waltham Forest,Waltham Forest,Waltham Forest,"Commissioning council only - no named participating authority found. FTS 017124-2021 (contract notice), FTS 019022-2022 (award) and CF LBOWF001-DN555974-35368400 say 'any London Borough listed in the directory of London Councils may elect to join the Framework', but the buyer is Waltham Forest alone and no document names a borough that joined. The Waltham Forest Cabinet report of 11 Jan 2024 mentions the framework but names no joiners. Under a strict reading this is a generic open-access clause, not a named arrangement.",,LBOWF001-DN555974-35368400,24/05/2022,verified (existing data),,
Centrepoint Soho,https://www.centrepoint.org,info@centrepoint.org,Framework Agreement for the Provision of 16+ Semi-Independent Accommodation & Support Services to Looked After Children and Care Experienced Young Adults in the London Borough of Waltham Forest,Waltham Forest,Waltham Forest,"Commissioning council only - no named participating authority found. FTS 017124-2021 (contract notice), FTS 019022-2022 (award) and CF LBOWF001-DN555974-35368400 say 'any London Borough listed in the directory of London Councils may elect to join the Framework', but the buyer is Waltham Forest alone and no document names a borough that joined. The Waltham Forest Cabinet report of 11 Jan 2024 mentions the framework but names no joiners. Under a strict reading this is a generic open-access clause, not a named arrangement.",,LBOWF001-DN555974-35368400,24/05/2022,verified (existing data),,
Chosen Care Group Limited,http://www.chosencaregroup.com/,info@chosencaregroup.com,Framework Agreement for the Provision of 16+ Semi-Independent Accommodation & Support Services to Looked After Children and Care Experienced Young Adults in the London Borough of Waltham Forest,Waltham Forest,Waltham Forest,"Commissioning council only - no named participating authority found. FTS 017124-2021 (contract notice), FTS 019022-2022 (award) and CF LBOWF001-DN555974-35368400 say 'any London Borough listed in the directory of London Councils may elect to join the Framework', but the buyer is Waltham Forest alone and no document names a borough that joined. The Waltham Forest Cabinet report of 11 Jan 2024 mentions the framework but names no joiners. Under a strict reading this is a generic open-access clause, not a named arrangement.",,LBOWF001-DN555974-35368400,24/05/2022,verified (existing data),,
Cocoon Group Services LTD,https://www.cocoongroupservices.org/,info@cocoongroupservices.org,Framework Agreement for the Provision of 16+ Semi-Independent Accommodation & Support Services to Looked After Children and Care Experienced Young Adults in the London Borough of Waltham Forest,Waltham Forest,Waltham Forest,"Commissioning council only - no named participating authority found. FTS 017124-2021 (contract notice), FTS 019022-2022 (award) and CF LBOWF001-DN555974-35368400 say 'any London Borough listed in the directory of London Councils may elect to join the Framework', but the buyer is Waltham Forest alone and no document names a borough that joined. The Waltham Forest Cabinet report of 11 Jan 2024 mentions the framework but names no joiners. Under a strict reading this is a generic open-access clause, not a named arrangement.",,LBOWF001-DN555974-35368400,24/05/2022,web research (medium),"UK Cocoon Group Services Ltd (CH 12616872), 71-75 Shelton Street WC2H (a virtual office, matches site address). Site offers 24/7 16+ supported accommodation with Ofsted oversight. Not to be confused with the Australian NDIS provider of the same name. Alternative domain cocoongroupservices.co.uk returns an error.",
Crown Social Care Ltd,http://crownsocialcare.org.uk,info@crownsocialcare.org.uk,Framework Agreement for the Provision of 16+ Semi-Independent Accommodation & Support Services to Looked After Children and Care Experienced Young Adults in the London Borough of Waltham Forest,Waltham Forest,Waltham Forest,"Commissioning council only - no named participating authority found. FTS 017124-2021 (contract notice), FTS 019022-2022 (award) and CF LBOWF001-DN555974-35368400 say 'any London Borough listed in the directory of London Councils may elect to join the Framework', but the buyer is Waltham Forest alone and no document names a borough that joined. The Waltham Forest Cabinet report of 11 Jan 2024 mentions the framework but names no joiners. Under a strict reading this is a generic open-access clause, not a named arrangement.",,LBOWF001-DN555974-35368400,24/05/2022,verified (existing data),,
Elliot Leigh TLC,https://www.elliotleigh.com/tlc,info@elliotleigh.com,Framework Agreement for the Provision of 16+ Semi-Independent Accommodation & Support Services to Looked After Children and Care Experienced Young Adults in the London Borough of Waltham Forest,Waltham Forest,Waltham Forest,"Commissioning council only - no named participating authority found. FTS 017124-2021 (contract notice), FTS 019022-2022 (award) and CF LBOWF001-DN555974-35368400 say 'any London Borough listed in the directory of London Councils may elect to join the Framework', but the buyer is Waltham Forest alone and no document names a borough that joined. The Waltham Forest Cabinet report of 11 Jan 2024 mentions the framework but names no joiners. Under a strict reading this is a generic open-access clause, not a named arrangement.",,LBOWF001-DN555974-35368400,24/05/2022,verified (existing data),,
EVERYONE EVERYWHERE CARE SERVICES LTD,https://everyoneeverywhere.co.uk,info@Everyoneeverywhere.co.uk,Framework Agreement for the Provision of 16+ Semi-Independent Accommodation & Support Services to Looked After Children and Care Experienced Young Adults in the London Borough of Waltham Forest,Waltham Forest,Waltham Forest,"Commissioning council only - no named participating authority found. FTS 017124-2021 (contract notice), FTS 019022-2022 (award) and CF LBOWF001-DN555974-35368400 say 'any London Borough listed in the directory of London Councils may elect to join the Framework', but the buyer is Waltham Forest alone and no document names a borough that joined. The Waltham Forest Cabinet report of 11 Jan 2024 mentions the framework but names no joiners. Under a strict reading this is a generic open-access clause, not a named arrangement.",,LBOWF001-DN555974-35368400,24/05/2022,verified (existing data),,
Foundations Youth Support Services,https://www.foundationsyss.co.uk,info@foundationsyss.co.uk,Framework Agreement for the Provision of 16+ Semi-Independent Accommodation & Support Services to Looked After Children and Care Experienced Young Adults in the London Borough of Waltham Forest,Waltham Forest,Waltham Forest,"Commissioning council only - no named participating authority found. FTS 017124-2021 (contract notice), FTS 019022-2022 (award) and CF LBOWF001-DN555974-35368400 say 'any London Borough listed in the directory of London Councils may elect to join the Framework', but the buyer is Waltham Forest alone and no document names a borough that joined. The Waltham Forest Cabinet report of 11 Jan 2024 mentions the framework but names no joiners. Under a strict reading this is a generic open-access clause, not a named arrangement.",,LBOWF001-DN555974-35368400,24/05/2022,verified (existing data),,
Freshstart Care Services LTD,https://www.freshstartcare.com,info@freshstartcare.com,Framework Agreement for the Provision of 16+ Semi-Independent Accommodation & Support Services to Looked After Children and Care Experienced Young Adults in the London Borough of Waltham Forest,Waltham Forest,Waltham Forest,"Commissioning council only - no named participating authority found. FTS 017124-2021 (contract notice), FTS 019022-2022 (award) and CF LBOWF001-DN555974-35368400 say 'any London Borough listed in the directory of London Councils may elect to join the Framework', but the buyer is Waltham Forest alone and no document names a borough that joined. The Waltham Forest Cabinet report of 11 Jan 2024 mentions the framework but names no joiners. Under a strict reading this is a generic open-access clause, not a named arrangement.",,LBOWF001-DN555974-35368400,24/05/2022,verified (existing data),,
Go Ahead Homes Ltd,https://goaheadhomes.com,info@goaheadhomes.com,Framework Agreement for the Provision of 16+ Semi-Independent Accommodation & Support Services to Looked After Children and Care Experienced Young Adults in the London Borough of Waltham Forest,Waltham Forest,Waltham Forest,"Commissioning council only - no named participating authority found. FTS 017124-2021 (contract notice), FTS 019022-2022 (award) and CF LBOWF001-DN555974-35368400 say 'any London Borough listed in the directory of London Councils may elect to join the Framework', but the buyer is Waltham Forest alone and no document names a borough that joined. The Waltham Forest Cabinet report of 11 Jan 2024 mentions the framework but names no joiners. Under a strict reading this is a generic open-access clause, not a named arrangement.",,LBOWF001-DN555974-35368400,24/05/2022,verified (existing data),,
H.O.P.E  Superjobs Ltd,https://hopesuperjobs.co.uk/,Contact form: https://hopesuperjobs.co.uk/contact-us/,Framework Agreement for the Provision of 16+ Semi-Independent Accommodation & Support Services to Looked After Children and Care Experienced Young Adults in the London Borough of Waltham Forest,Waltham Forest,Waltham Forest,"Commissioning council only - no named participating authority found. FTS 017124-2021 (contract notice), FTS 019022-2022 (award) and CF LBOWF001-DN555974-35368400 say 'any London Borough listed in the directory of London Councils may elect to join the Framework', but the buyer is Waltham Forest alone and no document names a borough that joined. The Waltham Forest Cabinet report of 11 Jan 2024 mentions the framework but names no joiners. Under a strict reading this is a generic open-access clause, not a named arrangement.",,LBOWF001-DN555974-35368400,24/05/2022,web research (high),"Website correct (Ilford, Broadway Chambers IG1; CQC/Ofsted registered; offers supported living). No email published on homepage, supported-living or contact pages; phone only (supported living 07572 111717, head office 020 8553 0827).","homecare and housing both on homepage (homecare 7, housing 10)"
Hamletts Ltd,https://www.hamletts.com,info@hamletts.com,Framework Agreement for the Provision of 16+ Semi-Independent Accommodation & Support Services to Looked After Children and Care Experienced Young Adults in the London Borough of Waltham Forest,Waltham Forest,Waltham Forest,"Commissioning council only - no named participating authority found. FTS 017124-2021 (contract notice), FTS 019022-2022 (award) and CF LBOWF001-DN555974-35368400 say 'any London Borough listed in the directory of London Councils may elect to join the Framework', but the buyer is Waltham Forest alone and no document names a borough that joined. The Waltham Forest Cabinet report of 11 Jan 2024 mentions the framework but names no joiners. Under a strict reading this is a generic open-access clause, not a named arrangement.",,LBOWF001-DN555974-35368400,24/05/2022,verified (existing data),,
Inspiration support services  Ltd,https://www.inspirationss.co.uk,info@inspirationss.co.uk,Framework Agreement for the Provision of 16+ Semi-Independent Accommodation & Support Services to Looked After Children and Care Experienced Young Adults in the London Borough of Waltham Forest,Waltham Forest,Waltham Forest,"Commissioning council only - no named participating authority found. FTS 017124-2021 (contract notice), FTS 019022-2022 (award) and CF LBOWF001-DN555974-35368400 say 'any London Borough listed in the directory of London Councils may elect to join the Framework', but the buyer is Waltham Forest alone and no document names a borough that joined. The Waltham Forest Cabinet report of 11 Jan 2024 mentions the framework but names no joiners. Under a strict reading this is a generic open-access clause, not a named arrangement.",,LBOWF001-DN555974-35368400,24/05/2022,verified (existing data),,
JEM Support Service,https://www.jem.services/,info@jem.services,Framework Agreement for the Provision of 16+ Semi-Independent Accommodation & Support Services to Looked After Children and Care Experienced Young Adults in the London Borough of Waltham Forest,Waltham Forest,Waltham Forest,"Commissioning council only - no named participating authority found. FTS 017124-2021 (contract notice), FTS 019022-2022 (award) and CF LBOWF001-DN555974-35368400 say 'any London Borough listed in the directory of London Councils may elect to join the Framework', but the buyer is Waltham Forest alone and no document names a borough that joined. The Waltham Forest Cabinet report of 11 Jan 2024 mentions the framework but names no joiners. Under a strict reading this is a generic open-access clause, not a named arrangement.",,LBOWF001-DN555974-35368400,24/05/2022,web research (high),"JEM Support Services Ltd (CH 11235635, 1 Market Street SE18), 16+ youth supported accommodation. Existing email correct; website changed from Indeed to their own site.",
Look Ahead Housing and Care,https://www.lookahead.org.uk,getintouch@lookahead.org.uk,Framework Agreement for the Provision of 16+ Semi-Independent Accommodation & Support Services to Looked After Children and Care Experienced Young Adults in the London Borough of Waltham Forest,Waltham Forest,Waltham Forest,"Commissioning council only - no named participating authority found. FTS 017124-2021 (contract notice), FTS 019022-2022 (award) and CF LBOWF001-DN555974-35368400 say 'any London Borough listed in the directory of London Councils may elect to join the Framework', but the buyer is Waltham Forest alone and no document names a borough that joined. The Waltham Forest Cabinet report of 11 Jan 2024 mentions the framework but names no joiners. Under a strict reading this is a generic open-access clause, not a named arrangement.",,LBOWF001-DN555974-35368400,24/05/2022,verified (existing data),,
Newhaven16Plus,https://newhaven16plus.co.uk/,info@newhaven16plus.co.uk,Framework Agreement for the Provision of 16+ Semi-Independent Accommodation & Support Services to Looked After Children and Care Experienced Young Adults in the London Borough of Waltham Forest,Waltham Forest,Waltham Forest,"Commissioning council only - no named participating authority found. FTS 017124-2021 (contract notice), FTS 019022-2022 (award) and CF LBOWF001-DN555974-35368400 say 'any London Borough listed in the directory of London Councils may elect to join the Framework', but the buyer is Waltham Forest alone and no document names a borough that joined. The Waltham Forest Cabinet report of 11 Jan 2024 mentions the framework but names no joiners. Under a strict reading this is a generic open-access clause, not a named arrangement.",,LBOWF001-DN555974-35368400,24/05/2022,verified (existing data),,
Next Step Management Ltd,https://www.nextsteptrust.org.uk/project/7-days/,admin@nextsteptrust.co.uk,Framework Agreement for the Provision of 16+ Semi-Independent Accommodation & Support Services to Looked After Children and Care Experienced Young Adults in the London Borough of Waltham Forest,Waltham Forest,Waltham Forest,"Commissioning council only - no named participating authority found. FTS 017124-2021 (contract notice), FTS 019022-2022 (award) and CF LBOWF001-DN555974-35368400 say 'any London Borough listed in the directory of London Councils may elect to join the Framework', but the buyer is Waltham Forest alone and no document names a borough that joined. The Waltham Forest Cabinet report of 11 Jan 2024 mentions the framework but names no joiners. Under a strict reading this is a generic open-access clause, not a named arrangement.",,LBOWF001-DN555974-35368400,24/05/2022,verified (existing data),,
PROMISES OF CARE,https://promisesofcare.co.uk/,info@promisesofcare.co.uk,Framework Agreement for the Provision of 16+ Semi-Independent Accommodation & Support Services to Looked After Children and Care Experienced Young Adults in the London Borough of Waltham Forest,Waltham Forest,Waltham Forest,"Commissioning council only - no named participating authority found. FTS 017124-2021 (contract notice), FTS 019022-2022 (award) and CF LBOWF001-DN555974-35368400 say 'any London Borough listed in the directory of London Councils may elect to join the Framework', but the buyer is Waltham Forest alone and no document names a borough that joined. The Waltham Forest Cabinet report of 11 Jan 2024 mentions the framework but names no joiners. Under a strict reading this is a generic open-access clause, not a named arrangement.",,LBOWF001-DN555974-35368400,24/05/2022,web research (medium),"Promises of Care Ltd (CH 09107662, Wolverhampton): domiciliary care plus leaving care and residential placements nationally. The Waltham Forest link is not proven (no London office shown) but the name is unique in this sector. The email was confirmed via search snippet of its own site; the page could not be fetched directly.",
SILVER BIRCH CARE,https://silverbirchcare.com/,supportedreferrals@sbc-holdings-limited.com,Framework Agreement for the Provision of 16+ Semi-Independent Accommodation & Support Services to Looked After Children and Care Experienced Young Adults in the London Borough of Waltham Forest,Waltham Forest,Waltham Forest,"Commissioning council only - no named participating authority found. FTS 017124-2021 (contract notice), FTS 019022-2022 (award) and CF LBOWF001-DN555974-35368400 say 'any London Borough listed in the directory of London Councils may elect to join the Framework', but the buyer is Waltham Forest alone and no document names a borough that joined. The Waltham Forest Cabinet report of 11 Jan 2024 mentions the framework but names no joiners. Under a strict reading this is a generic open-access clause, not a named arrangement.",,LBOWF001-DN555974-35368400,24/05/2022,web research (high),Existing values correct. Silver Birch Care is owned by Silver Birch Care (Holdings) Ltd (SBC Holdings); the referrals address on the parent's domain is published on silverbirchcare.com's contact page and homepage.,
Step Ahead Services Ltd,http://www.step-a-head.co.uk/,Info@step-a-head.co.uk,Framework Agreement for the Provision of 16+ Semi-Independent Accommodation & Support Services to Looked After Children and Care Experienced Young Adults in the London Borough of Waltham Forest,Waltham Forest,Waltham Forest,"Commissioning council only - no named participating authority found. FTS 017124-2021 (contract notice), FTS 019022-2022 (award) and CF LBOWF001-DN555974-35368400 say 'any London Borough listed in the directory of London Councils may elect to join the Framework', but the buyer is Waltham Forest alone and no document names a borough that joined. The Waltham Forest Cabinet report of 11 Jan 2024 mentions the framework but names no joiners. Under a strict reading this is a generic open-access clause, not a named arrangement.",,LBOWF001-DN555974-35368400,24/05/2022,verified (existing data),,
Step4Ward Services (Kent) Ltd,https://step4wd.co.uk/,info@step4wd.co.uk,Framework Agreement for the Provision of 16+ Semi-Independent Accommodation & Support Services to Looked After Children and Care Experienced Young Adults in the London Borough of Waltham Forest,Waltham Forest,Waltham Forest,"Commissioning council only - no named participating authority found. FTS 017124-2021 (contract notice), FTS 019022-2022 (award) and CF LBOWF001-DN555974-35368400 say 'any London Borough listed in the directory of London Councils may elect to join the Framework', but the buyer is Waltham Forest alone and no document names a borough that joined. The Waltham Forest Cabinet report of 11 Jan 2024 mentions the framework but names no joiners. Under a strict reading this is a generic open-access clause, not a named arrangement.",,LBOWF001-DN555974-35368400,24/05/2022,web research (high),"Existing values correct. The site brands itself 'Step 4 Ward Services (Kent) Ltd' (CH 11932388, Margate); 'step4wd' is its own abbreviation. Supported accommodation for young people.",
Supporting Young Futures (SYF),https://syf.org.uk,info@syf.org.uk,Framework Agreement for the Provision of 16+ Semi-Independent Accommodation & Support Services to Looked After Children and Care Experienced Young Adults in the London Borough of Waltham Forest,Waltham Forest,Waltham Forest,"Commissioning council only - no named participating authority found. FTS 017124-2021 (contract notice), FTS 019022-2022 (award) and CF LBOWF001-DN555974-35368400 say 'any London Borough listed in the directory of London Councils may elect to join the Framework', but the buyer is Waltham Forest alone and no document names a borough that joined. The Waltham Forest Cabinet report of 11 Jan 2024 mentions the framework but names no joiners. Under a strict reading this is a generic open-access clause, not a named arrangement.",,LBOWF001-DN555974-35368400,24/05/2022,verified (existing data),,
Transforming Lives Co (TLC).,https://transform-lives.org/,teamtlc@transform-lives.org,Framework Agreement for the Provision of 16+ Semi-Independent Accommodation & Support Services to Looked After Children and Care Experienced Young Adults in the London Borough of Waltham Forest,Waltham Forest,Waltham Forest,"Commissioning council only - no named participating authority found. FTS 017124-2021 (contract notice), FTS 019022-2022 (award) and CF LBOWF001-DN555974-35368400 say 'any London Borough listed in the directory of London Councils may elect to join the Framework', but the buyer is Waltham Forest alone and no document names a borough that joined. The Waltham Forest Cabinet report of 11 Jan 2024 mentions the framework but names no joiners. Under a strict reading this is a generic open-access clause, not a named arrangement.",,LBOWF001-DN555974-35368400,24/05/2022,verified (existing data),,
Trends Healthcare,https://trendshealthcare.co.uk,info@trendshealthcare.co.uk,Framework Agreement for the Provision of 16+ Semi-Independent Accommodation & Support Services to Looked After Children and Care Experienced Young Adults in the London Borough of Waltham Forest,Waltham Forest,Waltham Forest,"Commissioning council only - no named participating authority found. FTS 017124-2021 (contract notice), FTS 019022-2022 (award) and CF LBOWF001-DN555974-35368400 say 'any London Borough listed in the directory of London Councils may elect to join the Framework', but the buyer is Waltham Forest alone and no document names a borough that joined. The Waltham Forest Cabinet report of 11 Jan 2024 mentions the framework but names no joiners. Under a strict reading this is a generic open-access clause, not a named arrangement.",,LBOWF001-DN555974-35368400,24/05/2022,verified (existing data),,"homecare and housing both on homepage (homecare 4, housing 5)"
UK Care Partnership LTD,https://www.ukcarepartnership.com,info@ukcarepartnership.com,Framework Agreement for the Provision of 16+ Semi-Independent Accommodation & Support Services to Looked After Children and Care Experienced Young Adults in the London Borough of Waltham Forest,Waltham Forest,Waltham Forest,"Commissioning council only - no named participating authority found. FTS 017124-2021 (contract notice), FTS 019022-2022 (award) and CF LBOWF001-DN555974-35368400 say 'any London Borough listed in the directory of London Councils may elect to join the Framework', but the buyer is Waltham Forest alone and no document names a borough that joined. The Waltham Forest Cabinet report of 11 Jan 2024 mentions the framework but names no joiners. Under a strict reading this is a generic open-access clause, not a named arrangement.",,LBOWF001-DN555974-35368400,24/05/2022,verified (existing data),,
Young Roots Care Services Ltd,http://youngroots.co.uk/services.php,info@youngroots.co.uk,Framework Agreement for the Provision of 16+ Semi-Independent Accommodation & Support Services to Looked After Children and Care Experienced Young Adults in the London Borough of Waltham Forest,Waltham Forest,Waltham Forest,"Commissioning council only - no named participating authority found. FTS 017124-2021 (contract notice), FTS 019022-2022 (award) and CF LBOWF001-DN555974-35368400 say 'any London Borough listed in the directory of London Councils may elect to join the Framework', but the buyer is Waltham Forest alone and no document names a borough that joined. The Waltham Forest Cabinet report of 11 Jan 2024 mentions the framework but names no joiners. Under a strict reading this is a generic open-access clause, not a named arrangement.",,LBOWF001-DN555974-35368400,24/05/2022,verified (existing data),,
Ashiana Network,https://www.ashiana.org.uk/,info@ashiana.org.uk,Provision of Violence Against Women and Girls (VAWG) and Domestic Violence and Abuse (DVA) Service,Waltham Forest,Waltham Forest,Commissioning council only - no participating authorities named in the notice,,LBOWF001-DN568307-24382919,19/11/2021,web research (high),Waltham Forest-based refuge and support charity for Black and minoritised women facing domestic abuse or forced marriage.,
Refuge,https://refuge.org.uk/,esther_edmund@refuge.org.uk,Provision of Violence Against Women and Girls (VAWG) and Domestic Violence and Abuse (DVA) Service,Waltham Forest,Waltham Forest,Commissioning council only - no participating authorities named in the notice,,LBOWF001-DN568307-24382919,19/11/2021,verified (existing data),,
Solace Women's Aid,https://www.solacewomensaid.org,info@solacewomensaid.org,Provision of Violence Against Women and Girls (VAWG) and Domestic Violence and Abuse (DVA) Service,Waltham Forest,Waltham Forest,Commissioning council only - no participating authorities named in the notice,,LBOWF001-DN568307-24382919,19/11/2021,verified (existing data),,
Hestia Housing and Support,https://www.hestia.org,info@hestia.org,Mental Health Rehabilitation and Recovery Services for the Provision of Accommodation Based High and Low Support Mental Health Services,Wandsworth,Wandsworth,"Commissioning council only - Richmond is not a party. The richmond.gov.uk contact reflects shared staffing only. CF BIP301844575 says 'Wandsworth Borough Council is inviting tenders'. The shared Wandsworth contracts register lists CPT 2004 'Mental Health Rehabilitation and Recovery Service' (Hestia, £4,970,364) as 'Wandsworth', not 'Both'. The 2017 market engagement notice names Wandsworth Borough Council and Wandsworth CCG, and the CCG is NHS, not a council.",,BIP301844575,02/02/2018,verified (existing data),Single-award contract kept: high and low support mental health accommodation services,
ST MUNGO COMMUNITY HOUSING ASSOCIATION,https://www.mungos.org,info@mungos.org,Contracts Finder Award Notice,West London sub-region,Kensington and Chelsea; Brent; Ealing; Hammersmith and Fulham; Harrow; Hillingdon; Hounslow,"Sub-regional West London service funded via RBKC on behalf of the West London Housing Partnership (Brent, Ealing, Hammersmith & Fulham, Harrow, Hillingdon, Hounslow, Kensington & Chelsea) - RBKC report KD06563R",8225808,tender_338536/1213913,28/04/2023,verified (existing data),Single-award contract kept: hub plus 11+ self-contained units,
Solace Women's Aid,https://www.solacewomensaid.org,info@solacewomensaid.org,Housing First for Women Service,Westminster,Westminster,commissioning council only,,7582ab37-5917-4d84-88ef-4c9de7fc0414,2019-04-23,verified (existing data),"Contracts Finder harvest: Rules 1,3: Housing First for Women, dispersed tenancies via four housing providers",
Look Ahead Care and Support,http://www.lookahead.org.uk/,getintouch@lookahead.org.uk,Rough Sleeping Frontline Accommodation Services,Westminster,Westminster,commissioning council only,,be2d6378-0e24-41a7-8357-3d0f6eff591d,2017-08-31,verified (existing data),"Contracts Finder harvest: Rules 1-3: rough sleeping frontline accommodation services, 2 lots, 2 suppliers",
Mayday Trust,https://platfform.org/,connect@platfform.org,Rough Sleeping Frontline Accommodation Services,Westminster,Westminster,commissioning council only,,be2d6378-0e24-41a7-8357-3d0f6eff591d,2017-08-31,web research (low),"Contracts Finder harvest: Rules 1-3: rough sleeping frontline accommodation services, 2 lots, 2 suppliers; Homelessness charity that runs strengths-based transition support. Merged into Platfform (Welsh mental health/social justice charity) from Oct 2023. maydaytrust.org.uk no longer resolves, so the parent group's site and contact are used. Confirm who now runs the Westminster rough sleeping service.",
